Taxonomy ,industry,usecases,xdlink,prototypelink,,,,,,,
1.A,HT - Auto,Social Site Research,https://adobe.sharepoint.com/sites/DSSGlobalServicesToolsWeeklyDashboard/Shared%20Documents/Forms/AllItems.aspx?id=%2Fsites%2FDSSGlobalServicesToolsWeeklyDashboard%2FShared%20Documents%2FDemo%20Strategy%2FProject%20Avengers%2FAuto%20XDs%2FAuto%20%2D%20Social%20Site%20Research%2Exd&parent=%2Fsites%2FDSSGlobalServicesToolsWeeklyDashboard%2FShared%20Documents%2FDemo%20Strategy%2FProject%20Avengers%2FAuto%20XDs,https://xd.adobe.com/view/803dd79c-69ca-4514-b7c4-e3b4ab2f33a1-d56e/?fullscreen,,,,,,,
1.B,HT - Auto,Targeted Ad,https://adobe.sharepoint.com/sites/DSSGlobalServicesToolsWeeklyDashboard/Shared%20Documents/Forms/AllItems.aspx?id=%2Fsites%2FDSSGlobalServicesToolsWeeklyDashboard%2FShared%20Documents%2FDemo%20Strategy%2FProject%20Avengers%2FAuto%20XDs%2FAuto%20%2D%20Ad%20Targeting%2Exd&parent=%2Fsites%2FDSSGlobalServicesToolsWeeklyDashboard%2FShared%20Documents%2FDemo%20Strategy%2FProject%20Avengers%2FAuto%20XDs,https://xd.adobe.com/view/8afa7e53-7cef-4cae-b142-d9073977c5d9-dfa9/?fullscreen,,,,,,,
1.C,HT - Auto,Loyalty and Retention ,https://adobe.sharepoint.com/sites/DSSGlobalServicesToolsWeeklyDashboard/Shared%20Documents/Forms/AllItems.aspx?id=%2Fsites%2FDSSGlobalServicesToolsWeeklyDashboard%2FShared%20Documents%2FDemo%20Strategy%2FProject%20Avengers%2FAuto%20XDs%2FAuto%20%2D%20Loyalty%20%26%20Retention%2Exd&parent=%2Fsites%2FDSSGlobalServicesToolsWeeklyDashboard%2FShared%20Documents%2FDemo%20Strategy%2FProject%20Avengers%2FAuto%20XDs,https://xd.adobe.com/view/824c0528-8828-44ce-81a6-36eda4b3cbde-d71f/?fullscreen,,,,,,,
1.D,HT - Auto,Call Center,https://adobe.sharepoint.com/sites/DSSGlobalServicesToolsWeeklyDashboard/Shared%20Documents/Forms/AllItems.aspx?id=%2Fsites%2FDSSGlobalServicesToolsWeeklyDashboard%2FShared%20Documents%2FDemo%20Strategy%2FProject%20Avengers%2FAuto%20XDs%2FAuto%20%2D%20Call%20Center%2Exd&parent=%2Fsites%2FDSSGlobalServicesToolsWeeklyDashboard%2FShared%20Documents%2FDemo%20Strategy%2FProject%20Avengers%2FAuto%20XDs,https://xd.adobe.com/view/b8d0fe88-2ca9-42ed-b376-d33498f4e55f-ed83/?fullscreen,,,,,,,
1.E,HT - Auto,Personalized Push Notifications,https://adobe.sharepoint.com/sites/DSSGlobalServicesToolsWeeklyDashboard/Shared%20Documents/Forms/AllItems.aspx?id=%2Fsites%2FDSSGlobalServicesToolsWeeklyDashboard%2FShared%20Documents%2FDemo%20Strategy%2FProject%20Avengers%2FAuto%20XDs%2FAuto%20%2D%20Personalized%20Push%2Exd&parent=%2Fsites%2FDSSGlobalServicesToolsWeeklyDashboard%2FShared%20Documents%2FDemo%20Strategy%2FProject%20Avengers%2FAuto%20XDs,https://xd.adobe.com/view/f561da69-c358-4cc1-9de0-4fd2faf451fd-a032/?fullscreen,,,,,,,
1.F,HT - Auto,Appointment Scheduling,https://adobe.sharepoint.com/sites/DSSGlobalServicesToolsWeeklyDashboard/Shared%20Documents/Forms/AllItems.aspx?id=%2Fsites%2FDSSGlobalServicesToolsWeeklyDashboard%2FShared%20Documents%2FDemo%20Strategy%2FProject%20Avengers%2FAuto%20XDs%2FAuto%20%2D%20Appointment%20Scheduling%2Exd&parent=%2Fsites%2FDSSGlobalServicesToolsWeeklyDashboard%2FShared%20Documents%2FDemo%20Strategy%2FProject%20Avengers%2FAuto%20XDs,https://xd.adobe.com/view/8a4ec110-f7ae-445f-a658-ed944894866a-df1d/?fullscreen,,,,,,,
1.G,HT - Auto,E-Sign Documentation ,https://adobe.sharepoint.com/sites/DSSGlobalServicesToolsWeeklyDashboard/Shared%20Documents/Forms/AllItems.aspx?id=%2Fsites%2FDSSGlobalServicesToolsWeeklyDashboard%2FShared%20Documents%2FDemo%20Strategy%2FProject%20Avengers%2FAuto%20XDs%2FAuto%20%2D%20E%2DSign%20Documentation%2Exd&parent=%2Fsites%2FDSSGlobalServicesToolsWeeklyDashboard%2FShared%20Documents%2FDemo%20Strategy%2FProject%20Avengers%2FAuto%20XDs,https://xd.adobe.com/view/9b9a96d6-a8f3-440a-aab6-5ab588a6ce80-cec9/?fullscreen,,,,,,,
1.H,HT - Auto,Reminder Email,https://adobe.sharepoint.com/sites/DSSGlobalServicesToolsWeeklyDashboard/Shared%20Documents/Forms/AllItems.aspx?id=%2Fsites%2FDSSGlobalServicesToolsWeeklyDashboard%2FShared%20Documents%2FDemo%20Strategy%2FProject%20Avengers%2FAuto%20XDs%2FAuto%20%2D%20Reminder%20Email%2Exd&parent=%2Fsites%2FDSSGlobalServicesToolsWeeklyDashboard%2FShared%20Documents%2FDemo%20Strategy%2FProject%20Avengers%2FAuto%20XDs,https://xd.adobe.com/view/8527553d-1495-42d4-9174-0859df2e12b4-d074/?fullscreen,,,,,,,
1.I,HT - Auto,Quote & Finance ,https://adobe.sharepoint.com/sites/DSSGlobalServicesToolsWeeklyDashboard/Shared%20Documents/Forms/AllItems.aspx?id=%2Fsites%2FDSSGlobalServicesToolsWeeklyDashboard%2FShared%20Documents%2FDemo%20Strategy%2FProject%20Avengers%2FAuto%20XDs%2FAuto%20%2D%20Quote%20%26%20Finance%2Exd&parent=%2Fsites%2FDSSGlobalServicesToolsWeeklyDashboard%2FShared%20Documents%2FDemo%20Strategy%2FProject%20Avengers%2FAuto%20XDs,https://xd.adobe.com/view/4dd81b50-0fc5-4b31-9465-46d5b779481e-188b/?fullscreen,,,,,,,
1.J,HT - Auto,Cross-selling and/or Upsell,https://adobe.sharepoint.com/sites/DSSGlobalServicesToolsWeeklyDashboard/Shared%20Documents/Forms/AllItems.aspx?id=%2Fsites%2FDSSGlobalServicesToolsWeeklyDashboard%2FShared%20Documents%2FDemo%20Strategy%2FProject%20Avengers%2FAuto%20XDs%2FAuto%20%2D%20Upsell%2Exd&parent=%2Fsites%2FDSSGlobalServicesToolsWeeklyDashboard%2FShared%20Documents%2FDemo%20Strategy%2FProject%20Avengers%2FAuto%20XDs,https://xd.adobe.com/view/090c6cc2-97cf-4cc7-8fa0-bf7228770bf4-5c5f/?fullscreen,,,,,,,
2.A,HT - Professional Services,Social Site Research,https://adobe.sharepoint.com/sites/DSSGlobalServicesToolsWeeklyDashboard/Shared%20Documents/Forms/AllItems.aspx?id=%2Fsites%2FDSSGlobalServicesToolsWeeklyDashboard%2FShared%20Documents%2FDemo%20Strategy%2FProject%20Avengers%2FHT%20Professional%20Services%20XDs%2F%28HT%29%20Professional%20Services%20%2D%20Social%20Site%20Research%2Exd&parent=%2Fsites%2FDSSGlobalServicesToolsWeeklyDashboard%2FShared%20Documents%2FDemo%20Strategy%2FProject%20Avengers%2FHT%20Professional%20Services%20XDs,https://xd.adobe.com/view/93985614-b1a0-45d9-b3b7-ceb586aa3b72-c6cb/?fullscreen,,,,,,,
2.B,HT - Professional Services,Targeted Ad,https://adobe.sharepoint.com/sites/DSSGlobalServicesToolsWeeklyDashboard/Shared%20Documents/Forms/AllItems.aspx?id=%2Fsites%2FDSSGlobalServicesToolsWeeklyDashboard%2FShared%20Documents%2FDemo%20Strategy%2FProject%20Avengers%2FHT%20Professional%20Services%20XDs%2F%28HT%29%20Professional%20Services%20%2D%20Targeted%20Ad%2Exd&parent=%2Fsites%2FDSSGlobalServicesToolsWeeklyDashboard%2FShared%20Documents%2FDemo%20Strategy%2FProject%20Avengers%2FHT%20Professional%20Services%20XDs,https://xd.adobe.com/view/be25da17-d7c8-48cf-83f2-25d0bc5dc2f3-eb76/?fullscreen,,,,,,,
2.K,HT - Professional Services,Abandonment,https://adobe.sharepoint.com/sites/DSSGlobalServicesToolsWeeklyDashboard/Shared%20Documents/Forms/AllItems.aspx?id=%2Fsites%2FDSSGlobalServicesToolsWeeklyDashboard%2FShared%20Documents%2FDemo%20Strategy%2FProject%20Avengers%2FHT%20Professional%20Services%20XDs%2F%28HT%29%20Professional%20Services%20%2D%20Abandonment%2Exd&parent=%2Fsites%2FDSSGlobalServicesToolsWeeklyDashboard%2FShared%20Documents%2FDemo%20Strategy%2FProject%20Avengers%2FHT%20Professional%20Services%20XDs,https://xd.adobe.com/view/4301a8c8-a4c9-4170-bb27-6686f61f4305-1652/?fullscreen,,,,,,,
2.L,HT - Professional Services,Personalized Chat Bot,https://adobe.sharepoint.com/sites/DSSGlobalServicesToolsWeeklyDashboard/Shared%20Documents/Forms/AllItems.aspx?id=%2Fsites%2FDSSGlobalServicesToolsWeeklyDashboard%2FShared%20Documents%2FDemo%20Strategy%2FProject%20Avengers%2FHT%20Professional%20Services%20XDs%2F%28HT%29%20Professional%20Services%20%2D%20Personalized%20Chat%20Bot%2Exd&parent=%2Fsites%2FDSSGlobalServicesToolsWeeklyDashboard%2FShared%20Documents%2FDemo%20Strategy%2FProject%20Avengers%2FHT%20Professional%20Services%20XDs,https://xd.adobe.com/view/d02c8a1e-b800-4a5a-889f-006ea34a9736-857f/?fullscreen,,,,,,,
2.G,HT - Professional Services,E-Sign Documentation ,https://adobe.sharepoint.com/sites/DSSGlobalServicesToolsWeeklyDashboard/Shared%20Documents/Forms/AllItems.aspx?id=%2Fsites%2FDSSGlobalServicesToolsWeeklyDashboard%2FShared%20Documents%2FDemo%20Strategy%2FProject%20Avengers%2FHT%20Professional%20Services%20XDs%2F%28HT%29%20Professional%20Services%20%2D%20E%2DSign%20Documentation%2Exd&parent=%2Fsites%2FDSSGlobalServicesToolsWeeklyDashboard%2FShared%20Documents%2FDemo%20Strategy%2FProject%20Avengers%2FHT%20Professional%20Services%20XDs,https://xd.adobe.com/view/2b2e7c75-4d5d-47e6-a759-e2f3d8ad3eef-7e7d/?fullscreen,,,,,,,
2.H,HT - Professional Services,Reminder Email,https://adobe.sharepoint.com/sites/DSSGlobalServicesToolsWeeklyDashboard/Shared%20Documents/Forms/AllItems.aspx?id=%2Fsites%2FDSSGlobalServicesToolsWeeklyDashboard%2FShared%20Documents%2FDemo%20Strategy%2FProject%20Avengers%2FHT%20Professional%20Services%20XDs%2F%28HT%29%20Professional%20Services%20%2D%20Reminder%20Email%2Exd&parent=%2Fsites%2FDSSGlobalServicesToolsWeeklyDashboard%2FShared%20Documents%2FDemo%20Strategy%2FProject%20Avengers%2FHT%20Professional%20Services%20XDs,https://xd.adobe.com/view/131838c0-ae82-4935-afbc-e5b8fb741028-464b/?fullscreen,,,,,,,
3.A,HT - Software,Social Site Research,https://adobe.sharepoint.com/sites/DSSGlobalServicesToolsWeeklyDashboard/Shared%20Documents/Forms/AllItems.aspx?id=%2Fsites%2FDSSGlobalServicesToolsWeeklyDashboard%2FShared%20Documents%2FDemo%20Strategy%2FProject%20Avengers%2FHT%20Software%20XDs%2F%28HT%29%20Software%20Social%20Site%20Research%2Exd&parent=%2Fsites%2FDSSGlobalServicesToolsWeeklyDashboard%2FShared%20Documents%2FDemo%20Strategy%2FProject%20Avengers%2FHT%20Software%20XDs,https://xd.adobe.com/view/28f83412-6bff-4136-8cd6-a40fb80da231-7dab/?fullscreen,,,,,,,
3.M,HT - Software,Account Registration,https://adobe.sharepoint.com/sites/DSSGlobalServicesToolsWeeklyDashboard/Shared%20Documents/Forms/AllItems.aspx?id=%2Fsites%2FDSSGlobalServicesToolsWeeklyDashboard%2FShared%20Documents%2FDemo%20Strategy%2FProject%20Avengers%2FHT%20Software%20XDs%2F%28HT%29%20Software%20%2D%20Registration%2Exd&parent=%2Fsites%2FDSSGlobalServicesToolsWeeklyDashboard%2FShared%20Documents%2FDemo%20Strategy%2FProject%20Avengers%2FHT%20Software%20XDs,https://xd.adobe.com/view/f63ee304-8f5e-4548-920c-9cd06278be2a-a36d/?fullscreen,,,,,,,
3.B,HT - Software,Targeted Ad,https://adobe.sharepoint.com/sites/DSSGlobalServicesToolsWeeklyDashboard/Shared%20Documents/Forms/AllItems.aspx?id=%2Fsites%2FDSSGlobalServicesToolsWeeklyDashboard%2FShared%20Documents%2FDemo%20Strategy%2FProject%20Avengers%2FHT%20Software%20XDs%2F%28HT%29%20Software%20%2D%20Targeted%20Ad%2Exd&parent=%2Fsites%2FDSSGlobalServicesToolsWeeklyDashboard%2FShared%20Documents%2FDemo%20Strategy%2FProject%20Avengers%2FHT%20Software%20XDs,https://xd.adobe.com/view/2619c5ec-8265-4a97-9144-7b4aa87322c3-734a/?fullscreen,,,,,,,
3.N,HT - Software,Campaign Optimization and Performance ,https://adobe.sharepoint.com/sites/DSSGlobalServicesToolsWeeklyDashboard/Shared%20Documents/Forms/AllItems.aspx?id=%2Fsites%2FDSSGlobalServicesToolsWeeklyDashboard%2FShared%20Documents%2FDemo%20Strategy%2FProject%20Avengers%2FHT%20Software%20XDs%2F%28HT%29%20Software%20%2D%20Campaign%20Optimization%20and%20Performance%2Exd&parent=%2Fsites%2FDSSGlobalServicesToolsWeeklyDashboard%2FShared%20Documents%2FDemo%20Strategy%2FProject%20Avengers%2FHT%20Software%20XDs,https://xd.adobe.com/view/425b7753-5954-4b56-bd1c-0b49b8ed8489-1708/?fullscreen,,,,,,,
3.G,HT - Software,E-Sign Documentation ,https://adobe.sharepoint.com/sites/DSSGlobalServicesToolsWeeklyDashboard/Shared%20Documents/Forms/AllItems.aspx?id=%2Fsites%2FDSSGlobalServicesToolsWeeklyDashboard%2FShared%20Documents%2FDemo%20Strategy%2FProject%20Avengers%2FHT%20Software%20XDs%2F%28HT%29%20Software%20%2D%20E%2DSign%20Documentation%2Exd&parent=%2Fsites%2FDSSGlobalServicesToolsWeeklyDashboard%2FShared%20Documents%2FDemo%20Strategy%2FProject%20Avengers%2FHT%20Software%20XDs,https://xd.adobe.com/view/b67d0f9f-87b0-464a-af1f-fbfbcd9579e5-e32e/?fullscreen,,,,,,,
3.H,HT - Software,Reminder Email,https://adobe.sharepoint.com/sites/DSSGlobalServicesToolsWeeklyDashboard/Shared%20Documents/Forms/AllItems.aspx?id=%2Fsites%2FDSSGlobalServicesToolsWeeklyDashboard%2FShared%20Documents%2FDemo%20Strategy%2FProject%20Avengers%2FHT%20Software%20XDs%2F%28HT%29%20Software%20%2D%20Reminder%20Email%2Exd&parent=%2Fsites%2FDSSGlobalServicesToolsWeeklyDashboard%2FShared%20Documents%2FDemo%20Strategy%2FProject%20Avengers%2FHT%20Software%20XDs,https://xd.adobe.com/view/535e689d-10e9-4f53-a943-7544e5d3ada4-060d/?fullscreen,,,,,,,
4.B,B2B - Manufacturing,Targeted Ad,https://adobe.sharepoint.com/sites/DSSGlobalServicesToolsWeeklyDashboard/Shared%20Documents/Forms/AllItems.aspx?id=%2Fsites%2FDSSGlobalServicesToolsWeeklyDashboard%2FShared%20Documents%2FDemo%20Strategy%2FProject%20Avengers%2FB2B%20Manufacturing%2FB2B%20Manufacturing%20%2D%20Targeted%20Ad%2Exd&parent=%2Fsites%2FDSSGlobalServicesToolsWeeklyDashboard%2FShared%20Documents%2FDemo%20Strategy%2FProject%20Avengers%2FB2B%20Manufacturing,https://xd.adobe.com/view/25c5486e-e97e-4405-a1ef-5d4d36249f0a-7096/?fullscreen,,,,,,,
4.O,B2B - Manufacturing,Personalized Content,https://adobe.sharepoint.com/sites/DSSGlobalServicesToolsWeeklyDashboard/Shared%20Documents/Forms/AllItems.aspx?id=%2Fsites%2FDSSGlobalServicesToolsWeeklyDashboard%2FShared%20Documents%2FDemo%20Strategy%2FProject%20Avengers%2FB2B%20Manufacturing%2FB2B%20Manufacturing%20%2D%20Personalized%20Content%2Exd&parent=%2Fsites%2FDSSGlobalServicesToolsWeeklyDashboard%2FShared%20Documents%2FDemo%20Strategy%2FProject%20Avengers%2FB2B%20Manufacturing,https://xd.adobe.com/view/2279248d-64f7-45b4-8306-46b614aa2780-772a/?fullscreen,,,,,,,
4.L,B2B - Manufacturing,Personalized Chat Bot,https://adobe.sharepoint.com/sites/DSSGlobalServicesToolsWeeklyDashboard/Shared%20Documents/Forms/AllItems.aspx?id=%2Fsites%2FDSSGlobalServicesToolsWeeklyDashboard%2FShared%20Documents%2FDemo%20Strategy%2FProject%20Avengers%2FB2B%20Manufacturing%2FB2B%20Manufacturing%20%2D%20Personalized%20Chat%20Bot%2Exd&parent=%2Fsites%2FDSSGlobalServicesToolsWeeklyDashboard%2FShared%20Documents%2FDemo%20Strategy%2FProject%20Avengers%2FB2B%20Manufacturing,https://xd.adobe.com/view/17319a1a-0e34-402d-a895-3dc13da2859d-4262/?fullscreen,,,,,,,
4.G,B2B - Manufacturing,E-Sign Documentation ,https://adobe.sharepoint.com/sites/DSSGlobalServicesToolsWeeklyDashboard/Shared%20Documents/Forms/AllItems.aspx?id=%2Fsites%2FDSSGlobalServicesToolsWeeklyDashboard%2FShared%20Documents%2FDemo%20Strategy%2FProject%20Avengers%2FB2B%20Manufacturing%2FB2B%20Manufacturing%20%2D%20E%2DSign%20Documentation%2Exd&parent=%2Fsites%2FDSSGlobalServicesToolsWeeklyDashboard%2FShared%20Documents%2FDemo%20Strategy%2FProject%20Avengers%2FB2B%20Manufacturing,https://xd.adobe.com/view/a28f0189-6ac2-43ae-affb-7d7444f67441-f7dc/?fullscreen,,,,,,,
4.H,B2B - Manufacturing,Reminder Email,https://adobe.sharepoint.com/sites/DSSGlobalServicesToolsWeeklyDashboard/Shared%20Documents/Forms/AllItems.aspx?id=%2Fsites%2FDSSGlobalServicesToolsWeeklyDashboard%2FShared%20Documents%2FDemo%20Strategy%2FProject%20Avengers%2FB2B%20Manufacturing%2FB2B%20Manufacturing%20%2D%20Reminder%20Email%2Exd&parent=%2Fsites%2FDSSGlobalServicesToolsWeeklyDashboard%2FShared%20Documents%2FDemo%20Strategy%2FProject%20Avengers%2FB2B%20Manufacturing,https://xd.adobe.com/view/c5e27899-4531-44a8-8da9-44768ad85548-90b1/?fullscreen,,,,,,,
4.I,B2B - Manufacturing,Quote & Finance ,https://adobe.sharepoint.com/sites/DSSGlobalServicesToolsWeeklyDashboard/Shared%20Documents/Forms/AllItems.aspx?id=%2Fsites%2FDSSGlobalServicesToolsWeeklyDashboard%2FShared%20Documents%2FDemo%20Strategy%2FProject%20Avengers%2FB2B%20Manufacturing%2FB2B%20Manufacturing%20%2D%20Quote%20and%20Finance%2Exd&parent=%2Fsites%2FDSSGlobalServicesToolsWeeklyDashboard%2FShared%20Documents%2FDemo%20Strategy%2FProject%20Avengers%2FB2B%20Manufacturing,https://xd.adobe.com/view/e90826a8-a527-4166-9643-21ea885a7ab0-bc5b/?fullscreen,,,,,,,
5.B,FSI - Asset Management B2B,Targeted Ad,https://adobe.sharepoint.com/sites/DSSGlobalServicesToolsWeeklyDashboard/Shared%20Documents/Forms/AllItems.aspx?id=%2Fsites%2FDSSGlobalServicesToolsWeeklyDashboard%2FShared%20Documents%2FDemo%20Strategy%2FProject%20Avengers%2FFSI%20AM%20B2B%2FFSI%20AM%20B2B%20%2D%20Targeted%20Ad%2Exd&parent=%2Fsites%2FDSSGlobalServicesToolsWeeklyDashboard%2FShared%20Documents%2FDemo%20Strategy%2FProject%20Avengers%2FFSI%20AM%20B2B,https://xd.adobe.com/view/3f24dc98-80f2-451e-b77e-e2d6d627ee99-6a77/?fullscreen,,,,,,,
5.P,FSI - Asset Management B2B,Prospect Segment,https://adobe.sharepoint.com/sites/DSSGlobalServicesToolsWeeklyDashboard/Shared%20Documents/Forms/AllItems.aspx?id=%2Fsites%2FDSSGlobalServicesToolsWeeklyDashboard%2FShared%20Documents%2FDemo%20Strategy%2FProject%20Avengers%2FFSI%20AM%20B2B%2FFSI%20AM%20B2B%20%2D%20Prospect%20Segment%2Exd&parent=%2Fsites%2FDSSGlobalServicesToolsWeeklyDashboard%2FShared%20Documents%2FDemo%20Strategy%2FProject%20Avengers%2FFSI%20AM%20B2B,https://xd.adobe.com/view/5812f627-c673-4b30-bf41-4610e4345557-0d41/?fullscreen,,,,,,,
5.O,FSI - Asset Management B2B,Personalized Content,https://adobe.sharepoint.com/sites/DSSGlobalServicesToolsWeeklyDashboard/Shared%20Documents/Forms/AllItems.aspx?id=%2Fsites%2FDSSGlobalServicesToolsWeeklyDashboard%2FShared%20Documents%2FDemo%20Strategy%2FProject%20Avengers%2FFSI%20AM%20B2B%2FFSI%20AM%20B2B%20%2D%20Personalized%20Content%2Exd&parent=%2Fsites%2FDSSGlobalServicesToolsWeeklyDashboard%2FShared%20Documents%2FDemo%20Strategy%2FProject%20Avengers%2FFSI%20AM%20B2B,https://xd.adobe.com/view/e55644b3-deda-4f1a-93b8-d83393e41346-b005/?fullscreen,,,,,,,
5.D,FSI - Asset Management B2B,Call Center,https://adobe.sharepoint.com/sites/DSSGlobalServicesToolsWeeklyDashboard/Shared%20Documents/Forms/AllItems.aspx?id=%2Fsites%2FDSSGlobalServicesToolsWeeklyDashboard%2FShared%20Documents%2FDemo%20Strategy%2FProject%20Avengers%2FFSI%20AM%20B2B%2FFSI%20AM%20B2B%20%2D%20Call%20Center%2Exd&parent=%2Fsites%2FDSSGlobalServicesToolsWeeklyDashboard%2FShared%20Documents%2FDemo%20Strategy%2FProject%20Avengers%2FFSI%20AM%20B2B,https://xd.adobe.com/view/a9950166-8a9b-481c-8e70-3ba0a59e6ad1-fcc6/?fullscreen,,,,,,,
5.N,FSI - Asset Management B2B,Campaign Optimization and Performance ,https://adobe.sharepoint.com/sites/DSSGlobalServicesToolsWeeklyDashboard/Shared%20Documents/Forms/AllItems.aspx?id=%2Fsites%2FDSSGlobalServicesToolsWeeklyDashboard%2FShared%20Documents%2FDemo%20Strategy%2FProject%20Avengers%2FFSI%20AM%20B2B%2FFSI%20AM%20B2B%20%2D%20Campaign%20Optimization%20and%20Performance%2Exd&parent=%2Fsites%2FDSSGlobalServicesToolsWeeklyDashboard%2FShared%20Documents%2FDemo%20Strategy%2FProject%20Avengers%2FFSI%20AM%20B2B,https://xd.adobe.com/view/9f4be14a-81e9-4026-a7b1-e828e4f75a71-ca18/?fullscreen,,,,,,,
5.G,FSI - Asset Management B2B,E-Sign Documentation ,https://adobe.sharepoint.com/sites/DSSGlobalServicesToolsWeeklyDashboard/Shared%20Documents/Forms/AllItems.aspx?id=%2Fsites%2FDSSGlobalServicesToolsWeeklyDashboard%2FShared%20Documents%2FDemo%20Strategy%2FProject%20Avengers%2FFSI%20AM%20B2B%2FFSI%20AM%20B2B%20%2D%20E%2DSign%20Documentation%2Exd&parent=%2Fsites%2FDSSGlobalServicesToolsWeeklyDashboard%2FShared%20Documents%2FDemo%20Strategy%2FProject%20Avengers%2FFSI%20AM%20B2B,https://xd.adobe.com/view/f80c5ab8-e786-41bd-bdce-951f1e1e3575-ad5f/?fullscreen,,,,,,,
5.H,FSI - Asset Management B2B,Reminder Email,https://adobe.sharepoint.com/sites/DSSGlobalServicesToolsWeeklyDashboard/Shared%20Documents/Forms/AllItems.aspx?id=%2Fsites%2FDSSGlobalServicesToolsWeeklyDashboard%2FShared%20Documents%2FDemo%20Strategy%2FProject%20Avengers%2FFSI%20AM%20B2B%2FFSI%20AM%20B2B%20%2D%20Reminder%20Email%2Exd&parent=%2Fsites%2FDSSGlobalServicesToolsWeeklyDashboard%2FShared%20Documents%2FDemo%20Strategy%2FProject%20Avengers%2FFSI%20AM%20B2B,https://xd.adobe.com/view/b8f6069e-d126-49e0-9706-07be0880d419-eda5/?fullscreen,,,,,,,
6.B,M&E - Telco,Targeted Ad,https://adobe.sharepoint.com/sites/DSSGlobalServicesToolsWeeklyDashboard/Shared%20Documents/Forms/AllItems.aspx?id=%2Fsites%2FDSSGlobalServicesToolsWeeklyDashboard%2FShared%20Documents%2FDemo%20Strategy%2FProject%20Avengers%2FTelco%2FTelco%20%2D%20Targeted%20Ad%2Exd&parent=%2Fsites%2FDSSGlobalServicesToolsWeeklyDashboard%2FShared%20Documents%2FDemo%20Strategy%2FProject%20Avengers%2FTelco,https://xd.adobe.com/view/8d0870ee-f649-4f9e-80c6-c55be77c9f5b-d85b/?fullscreen,,,,,,,
6.O,M&E - Telco,Personalized Content,https://adobe.sharepoint.com/sites/DSSGlobalServicesToolsWeeklyDashboard/Shared%20Documents/Forms/AllItems.aspx?id=%2Fsites%2FDSSGlobalServicesToolsWeeklyDashboard%2FShared%20Documents%2FDemo%20Strategy%2FProject%20Avengers%2FTelco%2FTelco%20%2D%20Personalized%20Content%2Exd&parent=%2Fsites%2FDSSGlobalServicesToolsWeeklyDashboard%2FShared%20Documents%2FDemo%20Strategy%2FProject%20Avengers%2FTelco,https://xd.adobe.com/view/c5e6bc7b-ca63-4b51-a1aa-b848c0a2e0dd-90b5/?fullscreen,,,,,,,
6.K,M&E - Telco,Abandonment,https://adobe.sharepoint.com/sites/DSSGlobalServicesToolsWeeklyDashboard/Shared%20Documents/Forms/AllItems.aspx?id=%2Fsites%2FDSSGlobalServicesToolsWeeklyDashboard%2FShared%20Documents%2FDemo%20Strategy%2FProject%20Avengers%2FTelco%2FTelco%20%2D%20Abandonment%2Exd&parent=%2Fsites%2FDSSGlobalServicesToolsWeeklyDashboard%2FShared%20Documents%2FDemo%20Strategy%2FProject%20Avengers%2FTelco,https://xd.adobe.com/view/c5e6bc7b-ca63-4b51-a1aa-b848c0a2e0dd-90b5/?fullscreen,,,,,,,
6.E,M&E - Telco,Personalized Push Notifications,https://adobe.sharepoint.com/sites/DSSGlobalServicesToolsWeeklyDashboard/Shared%20Documents/Forms/AllItems.aspx?id=%2Fsites%2FDSSGlobalServicesToolsWeeklyDashboard%2FShared%20Documents%2FDemo%20Strategy%2FProject%20Avengers%2FTelco%2FTelco%20%2D%20Personalized%20Push%2Exd&parent=%2Fsites%2FDSSGlobalServicesToolsWeeklyDashboard%2FShared%20Documents%2FDemo%20Strategy%2FProject%20Avengers%2FTelco,https://xd.adobe.com/view/ddcb78eb-5308-4019-a420-8931eeeb70b5-8898/?fullscreen,,,,,,,
6.H,M&E - Telco,Reminder Email,https://adobe.sharepoint.com/sites/DSSGlobalServicesToolsWeeklyDashboard/Shared%20Documents/Forms/AllItems.aspx?id=%2Fsites%2FDSSGlobalServicesToolsWeeklyDashboard%2FShared%20Documents%2FDemo%20Strategy%2FProject%20Avengers%2FTelco%2FTelco%20%2D%20Reminder%20Email%2Exd&parent=%2Fsites%2FDSSGlobalServicesToolsWeeklyDashboard%2FShared%20Documents%2FDemo%20Strategy%2FProject%20Avengers%2FTelco,https://xd.adobe.com/view/22ea83fc-8b3a-46ae-b4ce-797a6f0163ff-77b9/?fullscreen,,,,,,,
6.J,M&E - Telco,Cross-selling and/or Upsell,https://adobe.sharepoint.com/sites/DSSGlobalServicesToolsWeeklyDashboard/Shared%20Documents/Forms/AllItems.aspx?id=%2Fsites%2FDSSGlobalServicesToolsWeeklyDashboard%2FShared%20Documents%2FDemo%20Strategy%2FProject%20Avengers%2FTelco%2FTelco%20%2D%20Cross%2Dsell%20Upsell%2Exd&parent=%2Fsites%2FDSSGlobalServicesToolsWeeklyDashboard%2FShared%20Documents%2FDemo%20Strategy%2FProject%20Avengers%2FTelco,https://xd.adobe.com/view/d4ef3bb8-51bb-4d49-b758-caefbe49449e-81bc/?fullscreen,,,,,,,
6.L,M&E - Telco,Personalized Chat Bot,https://adobe.sharepoint.com/sites/DSSGlobalServicesToolsWeeklyDashboard/Shared%20Documents/Forms/AllItems.aspx?id=%2Fsites%2FDSSGlobalServicesToolsWeeklyDashboard%2FShared%20Documents%2FDemo%20Strategy%2FProject%20Avengers%2FTelco%2FTelco%20%2D%20Personalized%20Chatbot%2Exd&parent=%2Fsites%2FDSSGlobalServicesToolsWeeklyDashboard%2FShared%20Documents%2FDemo%20Strategy%2FProject%20Avengers%2FTelco,https://xd.adobe.com/view/f6ce31f3-6493-4575-8280-d060b3fdc3c0-a39d/?fullscreen,,,,,,,
20.E,T&H - Airlines,Personalized Push Notifications,https://adobe.sharepoint.com/sites/DSSGlobalServicesToolsWeeklyDashboard/Shared%20Documents/Forms/AllItems.aspx?id=%2Fsites%2FDSSGlobalServicesToolsWeeklyDashboard%2FShared%20Documents%2FDemo%20Strategy%2FProject%20Avengers%2FAirlines%2FAirlines%20%2D%20Personalized%20Push%2Exd&parent=%2Fsites%2FDSSGlobalServicesToolsWeeklyDashboard%2FShared%20Documents%2FDemo%20Strategy%2FProject%20Avengers%2FAirlines,https://xd.adobe.com/view/8d0a7c83-7007-4c7c-afd7-8fa3cb67192b-d859/?fullscreen,,,,,,,
20.O,T&H - Airlines,Personalized Content,https://adobe.sharepoint.com/sites/DSSGlobalServicesToolsWeeklyDashboard/Shared%20Documents/Forms/AllItems.aspx?id=%2Fsites%2FDSSGlobalServicesToolsWeeklyDashboard%2FShared%20Documents%2FDemo%20Strategy%2FProject%20Avengers%2FAirlines%2FAirlines%20%2D%20Personalized%20Content%2Exd&parent=%2Fsites%2FDSSGlobalServicesToolsWeeklyDashboard%2FShared%20Documents%2FDemo%20Strategy%2FProject%20Avengers%2FAirlines,https://xd.adobe.com/view/0eb7e93c-d52b-402b-b241-c140dfbed820-5be4/?fullscreen,,,,,,,
20.H,T&H - Airlines,Reminder Email,https://adobe.sharepoint.com/sites/DSSGlobalServicesToolsWeeklyDashboard/Shared%20Documents/Forms/AllItems.aspx?id=%2Fsites%2FDSSGlobalServicesToolsWeeklyDashboard%2FShared%20Documents%2FDemo%20Strategy%2FProject%20Avengers%2FAirlines%2FAirlines%20%2D%20Reminder%20Email%2Exd&parent=%2Fsites%2FDSSGlobalServicesToolsWeeklyDashboard%2FShared%20Documents%2FDemo%20Strategy%2FProject%20Avengers%2FAirlines,https://xd.adobe.com/view/ed74f5c1-2d16-4a1b-9011-dab9bad10e6f-b827/?fullscreen,,,,,,,
7.N,FSI - Fintech,Campaign Optimization and Performance ,https://adobe.sharepoint.com/sites/DSSGlobalServicesToolsWeeklyDashboard/Shared%20Documents/Forms/AllItems.aspx?id=%2Fsites%2FDSSGlobalServicesToolsWeeklyDashboard%2FShared%20Documents%2FDemo%20Strategy%2FProject%20Avengers%2FFSI%20Fintech%2FFintech%20%2D%20Campaign%20Optimization%20%26%20Performance%2Exd&parent=%2Fsites%2FDSSGlobalServicesToolsWeeklyDashboard%2FShared%20Documents%2FDemo%20Strategy%2FProject%20Avengers%2FFSI%20Fintech,https://xd.adobe.com/view/deb24efc-7159-4800-b3db-1b9c483f8cfa-8be1/?fullscreen,,,,,,,
7.P,FSI - Fintech,Prospect Segment,https://adobe.sharepoint.com/sites/DSSGlobalServicesToolsWeeklyDashboard/Shared%20Documents/Forms/AllItems.aspx?id=%2Fsites%2FDSSGlobalServicesToolsWeeklyDashboard%2FShared%20Documents%2FDemo%20Strategy%2FProject%20Avengers%2FFSI%20Fintech%2FFintech%20%2D%20Prospect%20Segment%2Exd&parent=%2Fsites%2FDSSGlobalServicesToolsWeeklyDashboard%2FShared%20Documents%2FDemo%20Strategy%2FProject%20Avengers%2FFSI%20Fintech,https://xd.adobe.com/view/9a290d16-6fc2-4082-aafb-c9071cd11c42-cf7a/?fullscreen,,,,,,,
7.H,FSI - Fintech,Reminder Email,https://adobe.sharepoint.com/sites/DSSGlobalServicesToolsWeeklyDashboard/Shared%20Documents/Forms/AllItems.aspx?id=%2Fsites%2FDSSGlobalServicesToolsWeeklyDashboard%2FShared%20Documents%2FDemo%20Strategy%2FProject%20Avengers%2FFSI%20Fintech%2FFintech%20%2D%20Reminder%20Email%2Exd&parent=%2Fsites%2FDSSGlobalServicesToolsWeeklyDashboard%2FShared%20Documents%2FDemo%20Strategy%2FProject%20Avengers%2FFSI%20Fintech,https://xd.adobe.com/view/07ea117b-2fb1-4738-94c7-2efcc32b463b-52b9/?fullscreen,,,,,,,
7.K,FSI - Fintech,Abandonment,https://adobe.sharepoint.com/sites/DSSGlobalServicesToolsWeeklyDashboard/Shared%20Documents/Forms/AllItems.aspx?id=%2Fsites%2FDSSGlobalServicesToolsWeeklyDashboard%2FShared%20Documents%2FDemo%20Strategy%2FProject%20Avengers%2FFSI%20Fintech%2FFintech%20%2D%20Abandonment%2Exd&parent=%2Fsites%2FDSSGlobalServicesToolsWeeklyDashboard%2FShared%20Documents%2FDemo%20Strategy%2FProject%20Avengers%2FFSI%20Fintech,https://xd.adobe.com/view/dc6f0988-9fab-4e9b-9eb9-30b1547cd7ca-893c/?fullscreen,,,,,,,
8.G,FSI - Retail Banking,E-Sign Documentation ,https://adobe.sharepoint.com/sites/DSSGlobalServicesToolsWeeklyDashboard/Shared%20Documents/Forms/AllItems.aspx?id=%2Fsites%2FDSSGlobalServicesToolsWeeklyDashboard%2FShared%20Documents%2FDemo%20Strategy%2FProject%20Avengers%2FFSI%20Retail%20Banking%2FFSI%20%2D%20E%2DSign%20Documentation%2Exd&parent=%2Fsites%2FDSSGlobalServicesToolsWeeklyDashboard%2FShared%20Documents%2FDemo%20Strategy%2FProject%20Avengers%2FFSI%20Retail%20Banking,https://xd.adobe.com/view/eb244f52-ecd2-4fca-9061-51185115d485-be77/?fullscreen,,,,,,,
8.M,FSI - Retail Banking,Account Registration,https://adobe.sharepoint.com/sites/DSSGlobalServicesToolsWeeklyDashboard/Shared%20Documents/Forms/AllItems.aspx?id=%2Fsites%2FDSSGlobalServicesToolsWeeklyDashboard%2FShared%20Documents%2FDemo%20Strategy%2FProject%20Avengers%2FFSI%20Retail%20Banking%2FRetail%20Banking%20%2D%20Account%20Registration%2Exd&parent=%2Fsites%2FDSSGlobalServicesToolsWeeklyDashboard%2FShared%20Documents%2FDemo%20Strategy%2FProject%20Avengers%2FFSI%20Retail%20Banking,https://xd.adobe.com/view/e5436d13-ce8b-40ff-99a9-b888c6753482-b010/?fullscreen,,,,,,,
8.Q,FSI - Retail Banking,Appointment Scheduling,https://adobe.sharepoint.com/sites/DSSGlobalServicesToolsWeeklyDashboard/Shared%20Documents/Forms/AllItems.aspx?id=%2Fsites%2FDSSGlobalServicesToolsWeeklyDashboard%2FShared%20Documents%2FDemo%20Strategy%2FProject%20Avengers%2FFSI%20Retail%20Banking%2FRetail%20Banking%20%2D%20Appointment%20Scheduling%2Exd&parent=%2Fsites%2FDSSGlobalServicesToolsWeeklyDashboard%2FShared%20Documents%2FDemo%20Strategy%2FProject%20Avengers%2FFSI%20Retail%20Banking,https://xd.adobe.com/view/92f9d00b-2638-46f7-8455-3806f5185c39-c7aa/?fullscreen,,,,,,,
8.D,FSI - Retail Banking,Call Center,https://adobe.sharepoint.com/sites/DSSGlobalServicesToolsWeeklyDashboard/Shared%20Documents/Forms/AllItems.aspx?id=%2Fsites%2FDSSGlobalServicesToolsWeeklyDashboard%2FShared%20Documents%2FDemo%20Strategy%2FProject%20Avengers%2FFSI%20Retail%20Banking%2FRetail%20Banking%20%2D%20Call%20Center%2Exd&parent=%2Fsites%2FDSSGlobalServicesToolsWeeklyDashboard%2FShared%20Documents%2FDemo%20Strategy%2FProject%20Avengers%2FFSI%20Retail%20Banking,https://xd.adobe.com/view/98c8b081-4140-4dcf-b6f2-72294eeecc63-cd9b/?fullscreen,,,,,,,
8.R,FSI - Retail Banking,Orchestrated Communication,https://adobe.sharepoint.com/sites/DSSGlobalServicesToolsWeeklyDashboard/Shared%20Documents/Forms/AllItems.aspx?id=%2Fsites%2FDSSGlobalServicesToolsWeeklyDashboard%2FShared%20Documents%2FDemo%20Strategy%2FProject%20Avengers%2FFSI%20Retail%20Banking%2FRetail%20Banking%20%2D%20Orchestrated%20Communication%2Exd&parent=%2Fsites%2FDSSGlobalServicesToolsWeeklyDashboard%2FShared%20Documents%2FDemo%20Strategy%2FProject%20Avengers%2FFSI%20Retail%20Banking,https://xd.adobe.com/view/7265035f-ba09-46de-ad1d-f5c6fc71e1fc-2736/?fullscreen,,,,,,,
8.I,FSI - Retail Banking,Quote & Finance ,https://adobe.sharepoint.com/sites/DSSGlobalServicesToolsWeeklyDashboard/Shared%20Documents/Forms/AllItems.aspx?id=%2Fsites%2FDSSGlobalServicesToolsWeeklyDashboard%2FShared%20Documents%2FDemo%20Strategy%2FProject%20Avengers%2FFSI%20Retail%20Banking%2FRetail%20Banking%20%2D%20Quote%20and%20Finance%2Exd&parent=%2Fsites%2FDSSGlobalServicesToolsWeeklyDashboard%2FShared%20Documents%2FDemo%20Strategy%2FProject%20Avengers%2FFSI%20Retail%20Banking,https://xd.adobe.com/view/697c60fc-3bab-4586-8b01-5e259b6c901e-3c2f/?fullscreen,,,,,,,
8.P,FSI - Retail Banking,Prospect Segment,https://adobe.sharepoint.com/sites/DSSGlobalServicesToolsWeeklyDashboard/Shared%20Documents/Forms/AllItems.aspx?id=%2Fsites%2FDSSGlobalServicesToolsWeeklyDashboard%2FShared%20Documents%2FDemo%20Strategy%2FProject%20Avengers%2FFSI%20Retail%20Banking%2FRetail%20Banking%20%2D%20Prospect%20Segment%2Exd&parent=%2Fsites%2FDSSGlobalServicesToolsWeeklyDashboard%2FShared%20Documents%2FDemo%20Strategy%2FProject%20Avengers%2FFSI%20Retail%20Banking,https://xd.adobe.com/view/d995b2d4-c165-48f5-8806-bd4a1796f421-8cc6/?fullscreen,,,,,,,
8.A,FSI - Retail Banking,Social Site Research,https://adobe.sharepoint.com/sites/DSSGlobalServicesToolsWeeklyDashboard/Shared%20Documents/Forms/AllItems.aspx?id=%2Fsites%2FDSSGlobalServicesToolsWeeklyDashboard%2FShared%20Documents%2FDemo%20Strategy%2FProject%20Avengers%2FFSI%20Retail%20Banking%2FRetail%20Banking%20%2D%20Social%20Site%20Research%2Exd&parent=%2Fsites%2FDSSGlobalServicesToolsWeeklyDashboard%2FShared%20Documents%2FDemo%20Strategy%2FProject%20Avengers%2FFSI%20Retail%20Banking,https://xd.adobe.com/view/4961a7f7-7635-4d6b-90cf-4f579d4168b5-1c32/?fullscreen,,,,,,,
9.A,Healthcare - Retail Pharmacy,Social Site Research,https://adobe.sharepoint.com/sites/DSSGlobalServicesToolsWeeklyDashboard/Shared%20Documents/Forms/AllItems.aspx?id=%2Fsites%2FDSSGlobalServicesToolsWeeklyDashboard%2FShared%20Documents%2FDemo%20Strategy%2FProject%20Avengers%2FRetail%20%2DPharmacy%2FRetail%20Pharmacy%20%2D%20Social%20Site%20Research%2Exd&parent=%2Fsites%2FDSSGlobalServicesToolsWeeklyDashboard%2FShared%20Documents%2FDemo%20Strategy%2FProject%20Avengers%2FRetail%20%2DPharmacy,https://xd.adobe.com/view/5aeb4237-ce5f-4c06-9a0c-6f294913b2bf-0fb8/?fullscreen,,,,,,,
9.S,Healthcare - Retail Pharmacy,SEM Ads Click Through ,https://adobe.sharepoint.com/sites/DSSGlobalServicesToolsWeeklyDashboard/Shared%20Documents/Forms/AllItems.aspx?id=%2Fsites%2FDSSGlobalServicesToolsWeeklyDashboard%2FShared%20Documents%2FDemo%20Strategy%2FProject%20Avengers%2FRetail%20%2DPharmacy%2FRetail%20Pharmacy%20%2D%20SEM%20Ads%20Click%20Through%2Exd&parent=%2Fsites%2FDSSGlobalServicesToolsWeeklyDashboard%2FShared%20Documents%2FDemo%20Strategy%2FProject%20Avengers%2FRetail%20%2DPharmacy,https://xd.adobe.com/view/e65d0e64-2533-430f-b852-ae398432015e-b30e/?fullscreen,,,,,,,
9.R,Healthcare - Retail Pharmacy,Orchestrated Communication,https://adobe.sharepoint.com/sites/DSSGlobalServicesToolsWeeklyDashboard/Shared%20Documents/Forms/AllItems.aspx?id=%2Fsites%2FDSSGlobalServicesToolsWeeklyDashboard%2FShared%20Documents%2FDemo%20Strategy%2FProject%20Avengers%2FRetail%20%2DPharmacy%2FRetail%20Pharmacy%20%2D%20Orchestrated%20Communication%2Exd&parent=%2Fsites%2FDSSGlobalServicesToolsWeeklyDashboard%2FShared%20Documents%2FDemo%20Strategy%2FProject%20Avengers%2FRetail%20%2DPharmacy,https://xd.adobe.com/view/707a2407-37d1-4ef3-a9d2-0439c1dae308-2529/?fullscreen,,,,,,,
9.O,Healthcare - Retail Pharmacy,Personalized Content,https://adobe.sharepoint.com/sites/DSSGlobalServicesToolsWeeklyDashboard/Shared%20Documents/Forms/AllItems.aspx?id=%2Fsites%2FDSSGlobalServicesToolsWeeklyDashboard%2FShared%20Documents%2FDemo%20Strategy%2FProject%20Avengers%2FRetail%20%2DPharmacy%2FRetail%20Pharmacy%20%2D%20Personalized%20Content%2Exd&parent=%2Fsites%2FDSSGlobalServicesToolsWeeklyDashboard%2FShared%20Documents%2FDemo%20Strategy%2FProject%20Avengers%2FRetail%20%2DPharmacy,https://xd.adobe.com/view/053c2084-deaa-4a28-a99a-3af5d2403f22-506f/?fullscreen,,,,,,,
9.C,Healthcare - Retail Pharmacy,Loyalty and Retention ,https://adobe.sharepoint.com/sites/DSSGlobalServicesToolsWeeklyDashboard/Shared%20Documents/Forms/AllItems.aspx?id=%2Fsites%2FDSSGlobalServicesToolsWeeklyDashboard%2FShared%20Documents%2FDemo%20Strategy%2FProject%20Avengers%2FRetail%20%2DPharmacy%2FRetail%20Pharmacy%20%2D%20Loyalty%20%26%20Retention%2Exd&parent=%2Fsites%2FDSSGlobalServicesToolsWeeklyDashboard%2FShared%20Documents%2FDemo%20Strategy%2FProject%20Avengers%2FRetail%20%2DPharmacy,https://xd.adobe.com/view/3623c8a0-6d2b-44cf-8de6-d5f9b6b91b3b-6370/?fullscreen,,,,,,,
9.D,Healthcare - Retail Pharmacy,Call Center,https://adobe.sharepoint.com/sites/DSSGlobalServicesToolsWeeklyDashboard/Shared%20Documents/Forms/AllItems.aspx?id=%2Fsites%2FDSSGlobalServicesToolsWeeklyDashboard%2FShared%20Documents%2FDemo%20Strategy%2FProject%20Avengers%2FRetail%20%2DPharmacy%2FRetail%20Pharmacy%20%2D%20Call%20Center%2Exd&parent=%2Fsites%2FDSSGlobalServicesToolsWeeklyDashboard%2FShared%20Documents%2FDemo%20Strategy%2FProject%20Avengers%2FRetail%20%2DPharmacy,https://xd.adobe.com/view/e42b1716-29cb-4813-b109-a7739093f3e4-b178/?fullscreen,,,,,,,
9.E,Healthcare - Retail Pharmacy,Personalized Push Notifications,https://adobe.sharepoint.com/sites/DSSGlobalServicesToolsWeeklyDashboard/Shared%20Documents/Forms/AllItems.aspx?id=%2Fsites%2FDSSGlobalServicesToolsWeeklyDashboard%2FShared%20Documents%2FDemo%20Strategy%2FProject%20Avengers%2FRetail%20%2DPharmacy%2FRetail%20Pharmacy%20%2D%20Personalized%20Push%2Exd&parent=%2Fsites%2FDSSGlobalServicesToolsWeeklyDashboard%2FShared%20Documents%2FDemo%20Strategy%2FProject%20Avengers%2FRetail%20%2DPharmacy,https://xd.adobe.com/view/4fc541cb-18fc-489a-a6c3-ade31dad4956-1a96/?fullscreen,,,,,,,
9.G,Healthcare - Retail Pharmacy,E-Sign Documentation ,https://adobe.sharepoint.com/sites/DSSGlobalServicesToolsWeeklyDashboard/Shared%20Documents/Forms/AllItems.aspx?id=%2Fsites%2FDSSGlobalServicesToolsWeeklyDashboard%2FShared%20Documents%2FDemo%20Strategy%2FProject%20Avengers%2FRetail%20%2DPharmacy%2FRetail%20Pharmacy%20%2D%20E%2DSignature%20Documentation%2Exd&parent=%2Fsites%2FDSSGlobalServicesToolsWeeklyDashboard%2FShared%20Documents%2FDemo%20Strategy%2FProject%20Avengers%2FRetail%20%2DPharmacy,https://xd.adobe.com/view/ac86ecaa-ab54-4914-81ad-83c803aed3b7-f9d5/?fullscreen,,,,,,,
9.H,Healthcare - Retail Pharmacy,Reminder Email,https://adobe.sharepoint.com/sites/DSSGlobalServicesToolsWeeklyDashboard/Shared%20Documents/Forms/AllItems.aspx?id=%2Fsites%2FDSSGlobalServicesToolsWeeklyDashboard%2FShared%20Documents%2FDemo%20Strategy%2FProject%20Avengers%2FRetail%20%2DPharmacy%2FRetail%20Pharmacy%20%2D%20Reminder%20Email%2Exd&parent=%2Fsites%2FDSSGlobalServicesToolsWeeklyDashboard%2FShared%20Documents%2FDemo%20Strategy%2FProject%20Avengers%2FRetail%20%2DPharmacy,https://xd.adobe.com/view/e7f5253e-13b6-4ee2-b229-5597480a5d0d-b2a6/?fullscreen,,,,,,,
10.M,Retail - Retail Grocery,Account Registration,https://adobe.sharepoint.com/sites/DSSGlobalServicesToolsWeeklyDashboard/Shared%20Documents/Forms/AllItems.aspx?id=%2Fsites%2FDSSGlobalServicesToolsWeeklyDashboard%2FShared%20Documents%2FDemo%20Strategy%2FProject%20Avengers%2FRetail%20%2D%20Grocery%2FRetail%20Grocery%20%2D%20Account%20Registration%2Exd&parent=%2Fsites%2FDSSGlobalServicesToolsWeeklyDashboard%2FShared%20Documents%2FDemo%20Strategy%2FProject%20Avengers%2FRetail%20%2D%20Grocery,https://xd.adobe.com/view/2dd4ba3c-2a27-40cb-8db8-76bfb02bbf2e-7887/?fullscreen,,,,,,,
10.Q,Retail - Retail Grocery,Appointment Scheduling,https://adobe.sharepoint.com/sites/DSSGlobalServicesToolsWeeklyDashboard/Shared%20Documents/Forms/AllItems.aspx?id=%2Fsites%2FDSSGlobalServicesToolsWeeklyDashboard%2FShared%20Documents%2FDemo%20Strategy%2FProject%20Avengers%2FRetail%20%2D%20Grocery%2FRetail%20Grocery%20%2D%20Appointment%20Scheduling%2Exd&parent=%2Fsites%2FDSSGlobalServicesToolsWeeklyDashboard%2FShared%20Documents%2FDemo%20Strategy%2FProject%20Avengers%2FRetail%20%2D%20Grocery,https://xd.adobe.com/view/ef1bdc47-9c0b-4d8f-beaf-8d1fd25c1a4d-ba48/?fullscreen,,,,,,,
10.G,Retail - Retail Grocery,E-Sign Documentation ,https://adobe.sharepoint.com/sites/DSSGlobalServicesToolsWeeklyDashboard/Shared%20Documents/Forms/AllItems.aspx?id=%2Fsites%2FDSSGlobalServicesToolsWeeklyDashboard%2FShared%20Documents%2FDemo%20Strategy%2FProject%20Avengers%2FRetail%20%2D%20Grocery%2FRetail%20Grocery%20%2D%20E%2DSignature%20Documentation%2Exd&parent=%2Fsites%2FDSSGlobalServicesToolsWeeklyDashboard%2FShared%20Documents%2FDemo%20Strategy%2FProject%20Avengers%2FRetail%20%2D%20Grocery,https://xd.adobe.com/view/2cb38643-eed7-4316-ac95-8a2a44f76b99-79e0/?fullscreen,,,,,,,
10.C,Retail - Retail Grocery,Loyalty and Retention ,https://adobe.sharepoint.com/sites/DSSGlobalServicesToolsWeeklyDashboard/Shared%20Documents/Forms/AllItems.aspx?id=%2Fsites%2FDSSGlobalServicesToolsWeeklyDashboard%2FShared%20Documents%2FDemo%20Strategy%2FProject%20Avengers%2FRetail%20%2D%20Grocery%2FRetail%20Grocery%20%2D%20Loyalty%20and%20Retention%2Exd&parent=%2Fsites%2FDSSGlobalServicesToolsWeeklyDashboard%2FShared%20Documents%2FDemo%20Strategy%2FProject%20Avengers%2FRetail%20%2D%20Grocery,https://xd.adobe.com/view/9e2c3f7f-6c63-438f-96c2-2557ba1bee2f-cb7f/?fullscreen,,,,,,,
10.O,Retail - Retail Grocery,Personalized Content,https://adobe.sharepoint.com/sites/DSSGlobalServicesToolsWeeklyDashboard/Shared%20Documents/Forms/AllItems.aspx?id=%2Fsites%2FDSSGlobalServicesToolsWeeklyDashboard%2FShared%20Documents%2FDemo%20Strategy%2FProject%20Avengers%2FRetail%20%2D%20Grocery%2FRetail%20Grocery%20%2D%20Personalized%20Content%2Exd&parent=%2Fsites%2FDSSGlobalServicesToolsWeeklyDashboard%2FShared%20Documents%2FDemo%20Strategy%2FProject%20Avengers%2FRetail%20%2D%20Grocery,https://xd.adobe.com/view/6ac9c896-0d08-462a-9a24-14ab0f7a7b72-3f9a/?fullscreen,,,,,,,
10.E,Retail - Retail Grocery,Personalized Push Notifications,https://adobe.sharepoint.com/sites/DSSGlobalServicesToolsWeeklyDashboard/Shared%20Documents/Forms/AllItems.aspx?id=%2Fsites%2FDSSGlobalServicesToolsWeeklyDashboard%2FShared%20Documents%2FDemo%20Strategy%2FProject%20Avengers%2FRetail%20%2D%20Grocery%2FRetail%20Grocery%20%2D%20Personalized%20Push%20Notifications%2Exd&parent=%2Fsites%2FDSSGlobalServicesToolsWeeklyDashboard%2FShared%20Documents%2FDemo%20Strategy%2FProject%20Avengers%2FRetail%20%2D%20Grocery,https://xd.adobe.com/view/fb77e31a-63b2-4c88-85d6-bd5b78076b26-ae24/?fullscreen,,,,,,,
10.H,Retail - Retail Grocery,Reminder Email,https://adobe.sharepoint.com/sites/DSSGlobalServicesToolsWeeklyDashboard/Shared%20Documents/Forms/AllItems.aspx?id=%2Fsites%2FDSSGlobalServicesToolsWeeklyDashboard%2FShared%20Documents%2FDemo%20Strategy%2FProject%20Avengers%2FRetail%20%2D%20Grocery%2FRetail%20Grocery%20%2D%20Reminder%20Email%2Exd&parent=%2Fsites%2FDSSGlobalServicesToolsWeeklyDashboard%2FShared%20Documents%2FDemo%20Strategy%2FProject%20Avengers%2FRetail%20%2D%20Grocery,https://xd.adobe.com/view/99881f1f-ff38-4906-9af5-3963e1454992-ccdb/?fullscreen,,,,,,,
11.K,Retail,Abandonment,https://adobe.sharepoint.com/sites/DSSGlobalServicesToolsWeeklyDashboard/Shared%20Documents/Forms/AllItems.aspx?id=%2Fsites%2FDSSGlobalServicesToolsWeeklyDashboard%2FShared%20Documents%2FDemo%20Strategy%2FProject%20Avengers%2FRetail%2FRetail%20%2D%20Abandonment%2Exd&parent=%2Fsites%2FDSSGlobalServicesToolsWeeklyDashboard%2FShared%20Documents%2FDemo%20Strategy%2FProject%20Avengers%2FRetail,https://xd.adobe.com/view/ff6c4844-6335-4f36-bfc7-fea046825275-aa3f/?fullscreen,,,,,,,
11.M,Retail,Account Registration,https://adobe.sharepoint.com/sites/DSSGlobalServicesToolsWeeklyDashboard/Shared%20Documents/Forms/AllItems.aspx?id=%2Fsites%2FDSSGlobalServicesToolsWeeklyDashboard%2FShared%20Documents%2FDemo%20Strategy%2FProject%20Avengers%2FRetail%2FRetail%20%2D%20Account%20Registration%2Exd&parent=%2Fsites%2FDSSGlobalServicesToolsWeeklyDashboard%2FShared%20Documents%2FDemo%20Strategy%2FProject%20Avengers%2FRetail,https://xd.adobe.com/view/c3a94b53-08e0-4c48-bd0b-314d77c3fd4a-96fa/?fullscreen,,,,,,,
11.N,Retail,Campaign Optimization and Performance ,https://adobe.sharepoint.com/sites/DSSGlobalServicesToolsWeeklyDashboard/Shared%20Documents/Forms/AllItems.aspx?id=%2Fsites%2FDSSGlobalServicesToolsWeeklyDashboard%2FShared%20Documents%2FDemo%20Strategy%2FProject%20Avengers%2FRetail%2FRetail%20%2D%20Campaign%20Optimization%20and%20Performance%2Exd&parent=%2Fsites%2FDSSGlobalServicesToolsWeeklyDashboard%2FShared%20Documents%2FDemo%20Strategy%2FProject%20Avengers%2FRetail,https://xd.adobe.com/view/4446745d-64a7-45d7-89c0-c05ddd78e561-1115/?fullscreen,,,,,,,
11.J,Retail,Cross-selling and/or Upsell,https://adobe.sharepoint.com/sites/DSSGlobalServicesToolsWeeklyDashboard/Shared%20Documents/Forms/AllItems.aspx?id=%2Fsites%2FDSSGlobalServicesToolsWeeklyDashboard%2FShared%20Documents%2FDemo%20Strategy%2FProject%20Avengers%2FRetail%2FRetail%20%2D%20Cross%2Dsell%20Upsell%2Exd&parent=%2Fsites%2FDSSGlobalServicesToolsWeeklyDashboard%2FShared%20Documents%2FDemo%20Strategy%2FProject%20Avengers%2FRetail,https://xd.adobe.com/view/9f98300d-264a-4db4-b98c-ddb27dd15d32-cacb/?fullscreen,,,,,,,
11.O,Retail,Personalized Content,https://adobe.sharepoint.com/sites/DSSGlobalServicesToolsWeeklyDashboard/Shared%20Documents/Forms/AllItems.aspx?id=%2Fsites%2FDSSGlobalServicesToolsWeeklyDashboard%2FShared%20Documents%2FDemo%20Strategy%2FProject%20Avengers%2FRetail%2FRetail%20%2D%20Personalized%20Content%2Exd&parent=%2Fsites%2FDSSGlobalServicesToolsWeeklyDashboard%2FShared%20Documents%2FDemo%20Strategy%2FProject%20Avengers%2FRetail,https://xd.adobe.com/view/59e48050-5bfa-48ac-a8b5-ce384c9476e3-0cb7/?fullscreen,,,,,,,
11.E,Retail,Personalized Push Notifications,https://adobe.sharepoint.com/sites/DSSGlobalServicesToolsWeeklyDashboard/Shared%20Documents/Forms/AllItems.aspx?id=%2Fsites%2FDSSGlobalServicesToolsWeeklyDashboard%2FShared%20Documents%2FDemo%20Strategy%2FProject%20Avengers%2FRetail%2FRetail%20%2D%20Personalized%20Push%20Notifications%2Exd&parent=%2Fsites%2FDSSGlobalServicesToolsWeeklyDashboard%2FShared%20Documents%2FDemo%20Strategy%2FProject%20Avengers%2FRetail,https://xd.adobe.com/view/6038056e-6c90-4944-811e-0a1c7554e128-356b/?fullscreen,,,,,,,
11.P,Retail,Prospect Segment,https://adobe.sharepoint.com/sites/DSSGlobalServicesToolsWeeklyDashboard/Shared%20Documents/Forms/AllItems.aspx?id=%2Fsites%2FDSSGlobalServicesToolsWeeklyDashboard%2FShared%20Documents%2FDemo%20Strategy%2FProject%20Avengers%2FRetail%2FRetail%20%2D%20Prospect%20Segment%2Exd&parent=%2Fsites%2FDSSGlobalServicesToolsWeeklyDashboard%2FShared%20Documents%2FDemo%20Strategy%2FProject%20Avengers%2FRetail,https://xd.adobe.com/view/6abeadbf-906b-4087-aab3-bcbab1e804e9-3fed/?fullscreen,,,,,,,
11.H,Retail,Reminder Email,https://adobe.sharepoint.com/sites/DSSGlobalServicesToolsWeeklyDashboard/Shared%20Documents/Forms/AllItems.aspx?id=%2Fsites%2FDSSGlobalServicesToolsWeeklyDashboard%2FShared%20Documents%2FDemo%20Strategy%2FProject%20Avengers%2FRetail%2FRetail%20%2D%20Reminder%20Email%2Exd&parent=%2Fsites%2FDSSGlobalServicesToolsWeeklyDashboard%2FShared%20Documents%2FDemo%20Strategy%2FProject%20Avengers%2FRetail,https://xd.adobe.com/view/0a7493e1-e594-43c1-b01b-a9ac79006cb8-5f27/?fullscreen,,,,,,,
11.B,Retail,Targeted Ad,https://adobe.sharepoint.com/sites/DSSGlobalServicesToolsWeeklyDashboard/Shared%20Documents/Forms/AllItems.aspx?id=%2Fsites%2FDSSGlobalServicesToolsWeeklyDashboard%2FShared%20Documents%2FDemo%20Strategy%2FProject%20Avengers%2FRetail%2FRetail%20%2D%20Targeted%20Ad%2Exd&parent=%2Fsites%2FDSSGlobalServicesToolsWeeklyDashboard%2FShared%20Documents%2FDemo%20Strategy%2FProject%20Avengers%2FRetail,https://xd.adobe.com/view/490c08f8-dcd5-4115-b2c5-4334946ce6c3-1c5f/?fullscreen,,,,,,,
12.K,Public Sector - State,Abandonment,https://adobe.sharepoint.com/sites/DSSGlobalServicesToolsWeeklyDashboard/Shared%20Documents/Forms/AllItems.aspx?id=%2Fsites%2FDSSGlobalServicesToolsWeeklyDashboard%2FShared%20Documents%2FDemo%20Strategy%2FProject%20Avengers%2FPublic%20State%2FPublic%20State%20%2D%20Abandonment%2Exd&parent=%2Fsites%2FDSSGlobalServicesToolsWeeklyDashboard%2FShared%20Documents%2FDemo%20Strategy%2FProject%20Avengers%2FPublic%20State,https://xd.adobe.com/view/78cde876-d421-4d98-b04a-c60e0c98c3d7-2d9e/?fullscreen,,,,,,,
12.M,Public Sector - State,Account Registration,https://adobe.sharepoint.com/sites/DSSGlobalServicesToolsWeeklyDashboard/Shared%20Documents/Forms/AllItems.aspx?id=%2Fsites%2FDSSGlobalServicesToolsWeeklyDashboard%2FShared%20Documents%2FDemo%20Strategy%2FProject%20Avengers%2FPublic%20State%2FPublic%20State%20%2D%20Account%20Registration%2Exd&parent=%2Fsites%2FDSSGlobalServicesToolsWeeklyDashboard%2FShared%20Documents%2FDemo%20Strategy%2FProject%20Avengers%2FPublic%20State,https://xd.adobe.com/view/46c337cf-d790-4537-98ca-fc6c85b08db0-1390/?fullscreen,,,,,,,
12.D,Public Sector - State,Call Center,https://adobe.sharepoint.com/sites/DSSGlobalServicesToolsWeeklyDashboard/Shared%20Documents/Forms/AllItems.aspx?id=%2Fsites%2FDSSGlobalServicesToolsWeeklyDashboard%2FShared%20Documents%2FDemo%20Strategy%2FProject%20Avengers%2FPublic%20State%2FPublic%20State%20%2D%20Call%20Center%2Exd&parent=%2Fsites%2FDSSGlobalServicesToolsWeeklyDashboard%2FShared%20Documents%2FDemo%20Strategy%2FProject%20Avengers%2FPublic%20State,https://xd.adobe.com/view/8a94006a-b419-42b4-830e-afb263ecd240-dfc7/?fullscreen,,,,,,,
12.G,Public Sector - State,E-Sign Documentation ,https://adobe.sharepoint.com/sites/DSSGlobalServicesToolsWeeklyDashboard/Shared%20Documents/Forms/AllItems.aspx?id=%2Fsites%2FDSSGlobalServicesToolsWeeklyDashboard%2FShared%20Documents%2FDemo%20Strategy%2FProject%20Avengers%2FPublic%20State%2FPublic%20State%20%2D%20E%2Dsignature%20Documentation%2Exd&parent=%2Fsites%2FDSSGlobalServicesToolsWeeklyDashboard%2FShared%20Documents%2FDemo%20Strategy%2FProject%20Avengers%2FPublic%20State,https://xd.adobe.com/view/a4ccf0c0-3a1e-49e7-b5ae-6590f6e47fa0-f19f/?fullscreen,,,,,,,
12.R,Public Sector - State,Orchestrated Communication,https://adobe.sharepoint.com/sites/DSSGlobalServicesToolsWeeklyDashboard/Shared%20Documents/Forms/AllItems.aspx?id=%2Fsites%2FDSSGlobalServicesToolsWeeklyDashboard%2FShared%20Documents%2FDemo%20Strategy%2FProject%20Avengers%2FPublic%20State%2FPublic%20State%20%2D%20Orchestrated%20Communication%2Exd&parent=%2Fsites%2FDSSGlobalServicesToolsWeeklyDashboard%2FShared%20Documents%2FDemo%20Strategy%2FProject%20Avengers%2FPublic%20State,https://xd.adobe.com/view/2001d410-a9d2-4c0d-b39f-0c92eaaecc9b-7552/?fullscreen,,,,,,,
12.O,Public Sector - State,Personalized Content,https://adobe.sharepoint.com/sites/DSSGlobalServicesToolsWeeklyDashboard/Shared%20Documents/Forms/AllItems.aspx?id=%2Fsites%2FDSSGlobalServicesToolsWeeklyDashboard%2FShared%20Documents%2FDemo%20Strategy%2FProject%20Avengers%2FPublic%20State%2FPublic%20State%20%2D%20Personalized%20Content%2Exd&parent=%2Fsites%2FDSSGlobalServicesToolsWeeklyDashboard%2FShared%20Documents%2FDemo%20Strategy%2FProject%20Avengers%2FPublic%20State,https://xd.adobe.com/view/f304d525-ef2b-402d-8e68-9a84fb67c5cc-a657/?fullscreen,,,,,,,
13.K,Public Sector - Federal,Abandonment,https://adobe.sharepoint.com/sites/DSSGlobalServicesToolsWeeklyDashboard/Shared%20Documents/Forms/AllItems.aspx?id=%2Fsites%2FDSSGlobalServicesToolsWeeklyDashboard%2FShared%20Documents%2FDemo%20Strategy%2FProject%20Avengers%2FPub%20Federal%2FPub%20Federal%20%2D%20Abandonment%2Exd&parent=%2Fsites%2FDSSGlobalServicesToolsWeeklyDashboard%2FShared%20Documents%2FDemo%20Strategy%2FProject%20Avengers%2FPub%20Federal,https://xd.adobe.com/view/ce308a52-8700-448b-a256-45500e44373b-9b63/?fullscreen,,,,,,,
13.M,Public Sector - Federal,Account Registration,https://adobe.sharepoint.com/sites/DSSGlobalServicesToolsWeeklyDashboard/Shared%20Documents/Forms/AllItems.aspx?id=%2Fsites%2FDSSGlobalServicesToolsWeeklyDashboard%2FShared%20Documents%2FDemo%20Strategy%2FProject%20Avengers%2FPub%20Federal%2FPub%20Federal%20%2D%20Account%20Registration%2Exd&parent=%2Fsites%2FDSSGlobalServicesToolsWeeklyDashboard%2FShared%20Documents%2FDemo%20Strategy%2FProject%20Avengers%2FPub%20Federal,https://xd.adobe.com/view/653da9f7-1823-4b4c-91a8-87ec350988c0-306e/?fullscreen,,,,,,,
13.Q,Public Sector - Federal,Appointment Scheduling,https://adobe.sharepoint.com/sites/DSSGlobalServicesToolsWeeklyDashboard/Shared%20Documents/Forms/AllItems.aspx?id=%2Fsites%2FDSSGlobalServicesToolsWeeklyDashboard%2FShared%20Documents%2FDemo%20Strategy%2FProject%20Avengers%2FPub%20Federal%2FPub%20Federal%20%2D%20Appointment%20Scheduling%2Exd&parent=%2Fsites%2FDSSGlobalServicesToolsWeeklyDashboard%2FShared%20Documents%2FDemo%20Strategy%2FProject%20Avengers%2FPub%20Federal,https://xd.adobe.com/view/e4b1dc65-5ca9-49d7-bd67-0cb749905e17-b1e2/?fullscreen,,,,,,,
13.G,Public Sector - Federal,E-Sign Documentation ,https://adobe.sharepoint.com/sites/DSSGlobalServicesToolsWeeklyDashboard/Shared%20Documents/Forms/AllItems.aspx?id=%2Fsites%2FDSSGlobalServicesToolsWeeklyDashboard%2FShared%20Documents%2FDemo%20Strategy%2FProject%20Avengers%2FPub%20Federal%2FPub%20Federal%20%2D%20E%2Dsign%20Documentation%2Exd&parent=%2Fsites%2FDSSGlobalServicesToolsWeeklyDashboard%2FShared%20Documents%2FDemo%20Strategy%2FProject%20Avengers%2FPub%20Federal,https://xd.adobe.com/view/d796d7a4-22c6-4edd-ab91-a700eb6f2b89-82c5/?fullscreen,,,,,,,
13.L,Public Sector - Federal,Personalized Chat Bot,https://adobe.sharepoint.com/sites/DSSGlobalServicesToolsWeeklyDashboard/Shared%20Documents/Forms/AllItems.aspx?id=%2Fsites%2FDSSGlobalServicesToolsWeeklyDashboard%2FShared%20Documents%2FDemo%20Strategy%2FProject%20Avengers%2FPub%20Federal%2FPub%20Federal%20%2D%20Personalized%20Chatbot%2Exd&parent=%2Fsites%2FDSSGlobalServicesToolsWeeklyDashboard%2FShared%20Documents%2FDemo%20Strategy%2FProject%20Avengers%2FPub%20Federal,https://xd.adobe.com/view/7e71d366-4664-4afa-838f-b32f89d66e19-2b22/?fullscreen,,,,,,,
13.O,Public Sector - Federal,Personalized Content,https://adobe.sharepoint.com/sites/DSSGlobalServicesToolsWeeklyDashboard/Shared%20Documents/Forms/AllItems.aspx?id=%2Fsites%2FDSSGlobalServicesToolsWeeklyDashboard%2FShared%20Documents%2FDemo%20Strategy%2FProject%20Avengers%2FPub%20Federal%2FPub%20Federal%20%2D%20Personalized%20Content%2Exd&parent=%2Fsites%2FDSSGlobalServicesToolsWeeklyDashboard%2FShared%20Documents%2FDemo%20Strategy%2FProject%20Avengers%2FPub%20Federal,https://xd.adobe.com/view/4d2abe6e-44e2-479c-bc65-09c2687dadd3-1879/?fullscreen,,,,,,,
13.H,Public Sector - Federal,Reminder Email,https://adobe.sharepoint.com/sites/DSSGlobalServicesToolsWeeklyDashboard/Shared%20Documents/Forms/AllItems.aspx?id=%2Fsites%2FDSSGlobalServicesToolsWeeklyDashboard%2FShared%20Documents%2FDemo%20Strategy%2FProject%20Avengers%2FPub%20Federal%2FPub%20Federal%20%2D%20Reminder%20Email%2Exd&parent=%2Fsites%2FDSSGlobalServicesToolsWeeklyDashboard%2FShared%20Documents%2FDemo%20Strategy%2FProject%20Avengers%2FPub%20Federal,https://xd.adobe.com/view/002d87b4-f9ad-4a24-a61a-ed18fe3663d5-557e/?fullscreen,,,,,,,
13.A,Public Sector - Federal,Social Site Research,https://adobe.sharepoint.com/sites/DSSGlobalServicesToolsWeeklyDashboard/Shared%20Documents/Forms/AllItems.aspx?id=%2Fsites%2FDSSGlobalServicesToolsWeeklyDashboard%2FShared%20Documents%2FDemo%20Strategy%2FProject%20Avengers%2FPub%20Federal%2FPub%20Federal%20%2D%20Social%20Site%20Research%2Exd&parent=%2Fsites%2FDSSGlobalServicesToolsWeeklyDashboard%2FShared%20Documents%2FDemo%20Strategy%2FProject%20Avengers%2FPub%20Federal,https://xd.adobe.com/view/117e1fa8-ec29-49d4-9fc3-c3deedc4e622-442d/?fullscreen,,,,,,,
13.B,Public Sector - Federal,Targeted Ad,https://adobe.sharepoint.com/sites/DSSGlobalServicesToolsWeeklyDashboard/Shared%20Documents/Forms/AllItems.aspx?id=%2Fsites%2FDSSGlobalServicesToolsWeeklyDashboard%2FShared%20Documents%2FDemo%20Strategy%2FProject%20Avengers%2FPub%20Federal%2FPub%20Federal%20%2D%20Targeted%20Ad%2Exd&parent=%2Fsites%2FDSSGlobalServicesToolsWeeklyDashboard%2FShared%20Documents%2FDemo%20Strategy%2FProject%20Avengers%2FPub%20Federal,https://xd.adobe.com/view/9038850f-16aa-4c21-911f-652dcc485bd6-c56b/?fullscreen,,,,,,,
14.K,Healthcare - Providers,Abandonment,https://adobe.sharepoint.com/sites/DSSGlobalServicesToolsWeeklyDashboard/Shared%20Documents/Forms/AllItems.aspx?id=%2Fsites%2FDSSGlobalServicesToolsWeeklyDashboard%2FShared%20Documents%2FDemo%20Strategy%2FProject%20Avengers%2FProviders%2FProviders%20%2D%20Abandonment%2Exd&parent=%2Fsites%2FDSSGlobalServicesToolsWeeklyDashboard%2FShared%20Documents%2FDemo%20Strategy%2FProject%20Avengers%2FProviders,https://xd.adobe.com/view/cbbe0a08-a24d-466e-ad70-66792c064f60-9eed/?fullscreen,,,,,,,
14.Q,Healthcare - Providers,Appointment Scheduling,https://adobe.sharepoint.com/sites/DSSGlobalServicesToolsWeeklyDashboard/Shared%20Documents/Forms/AllItems.aspx?id=%2Fsites%2FDSSGlobalServicesToolsWeeklyDashboard%2FShared%20Documents%2FDemo%20Strategy%2FProject%20Avengers%2FProviders%2FProviders%20%2D%20Appointment%20Scheduling%2Exd&parent=%2Fsites%2FDSSGlobalServicesToolsWeeklyDashboard%2FShared%20Documents%2FDemo%20Strategy%2FProject%20Avengers%2FProviders,https://xd.adobe.com/view/1334fd6a-c676-45b8-8351-9fdf70b1e922-4667/?fullscreen,,,,,,,
14.G,Healthcare - Providers,E-Sign Documentation ,https://adobe.sharepoint.com/sites/DSSGlobalServicesToolsWeeklyDashboard/Shared%20Documents/Forms/AllItems.aspx?id=%2Fsites%2FDSSGlobalServicesToolsWeeklyDashboard%2FShared%20Documents%2FDemo%20Strategy%2FProject%20Avengers%2FProviders%2FProviders%20%2D%20E%2Dsignature%20Documentation%2Exd&parent=%2Fsites%2FDSSGlobalServicesToolsWeeklyDashboard%2FShared%20Documents%2FDemo%20Strategy%2FProject%20Avengers%2FProviders,https://xd.adobe.com/view/eea5e58f-e3c1-4345-9f69-6c353d2deeaa-bbf6/?fullscreen,,,,,,,
14.O,Healthcare - Providers,Personalized Content,https://adobe.sharepoint.com/sites/DSSGlobalServicesToolsWeeklyDashboard/Shared%20Documents/Forms/AllItems.aspx?id=%2Fsites%2FDSSGlobalServicesToolsWeeklyDashboard%2FShared%20Documents%2FDemo%20Strategy%2FProject%20Avengers%2FProviders%2FProviders%20%2D%20Personalized%20Content%2Exd&parent=%2Fsites%2FDSSGlobalServicesToolsWeeklyDashboard%2FShared%20Documents%2FDemo%20Strategy%2FProject%20Avengers%2FProviders,https://xd.adobe.com/view/a39d32ba-bf70-40f3-8ff2-a05887fdaa15-f6ce/?fullscreen,,,,,,,
14.H,Healthcare - Providers,Reminder Email,https://adobe.sharepoint.com/sites/DSSGlobalServicesToolsWeeklyDashboard/Shared%20Documents/Forms/AllItems.aspx?id=%2Fsites%2FDSSGlobalServicesToolsWeeklyDashboard%2FShared%20Documents%2FDemo%20Strategy%2FProject%20Avengers%2FProviders%2FProviders%20%2D%20Reminder%20Email%2Exd&parent=%2Fsites%2FDSSGlobalServicesToolsWeeklyDashboard%2FShared%20Documents%2FDemo%20Strategy%2FProject%20Avengers%2FProviders,https://xd.adobe.com/view/78aa081c-6413-4c17-be39-4e0b2db237ea-2df9/?fullscreen,,,,,,,
14.B,Healthcare - Providers,Targeted Ad,https://adobe.sharepoint.com/sites/DSSGlobalServicesToolsWeeklyDashboard/Shared%20Documents/Forms/AllItems.aspx?id=%2Fsites%2FDSSGlobalServicesToolsWeeklyDashboard%2FShared%20Documents%2FDemo%20Strategy%2FProject%20Avengers%2FProviders%2FProviders%20%2D%20Targeted%20Ad%2Exd&parent=%2Fsites%2FDSSGlobalServicesToolsWeeklyDashboard%2FShared%20Documents%2FDemo%20Strategy%2FProject%20Avengers%2FProviders,https://xd.adobe.com/view/64952d59-baea-408f-a6d2-2def61051cbd-31c6/?fullscreen,,,,,,,
15.L,Healthcare - Pharmaceuticals,Personalized Chat Bot,https://adobe.sharepoint.com/sites/DSSGlobalServicesToolsWeeklyDashboard/Shared%20Documents/Forms/AllItems.aspx?id=%2Fsites%2FDSSGlobalServicesToolsWeeklyDashboard%2FShared%20Documents%2FDemo%20Strategy%2FProject%20Avengers%2FPharmacueticals%2FPharmacueticals%20%2D%20Personalized%20Chatbot%2Exd&parent=%2Fsites%2FDSSGlobalServicesToolsWeeklyDashboard%2FShared%20Documents%2FDemo%20Strategy%2FProject%20Avengers%2FPharmacueticals,https://xd.adobe.com/view/8dfc9ec4-5f02-4b8d-a443-8381792784f5-d8af/?fullscreen,,,,,,,
15.O,Healthcare - Pharmaceuticals,Personalized Content,https://adobe.sharepoint.com/sites/DSSGlobalServicesToolsWeeklyDashboard/Shared%20Documents/Forms/AllItems.aspx?id=%2Fsites%2FDSSGlobalServicesToolsWeeklyDashboard%2FShared%20Documents%2FDemo%20Strategy%2FProject%20Avengers%2FPharmacueticals%2FPharmacueticals%20%2D%20Personalized%20Content%2Exd&parent=%2Fsites%2FDSSGlobalServicesToolsWeeklyDashboard%2FShared%20Documents%2FDemo%20Strategy%2FProject%20Avengers%2FPharmacueticals,https://xd.adobe.com/view/9e4ac6d0-bc49-4151-9f99-54875869a3fd-cb19/?fullscreen,,,,,,,
15.H,Healthcare - Pharmaceuticals,Reminder Email,https://adobe.sharepoint.com/sites/DSSGlobalServicesToolsWeeklyDashboard/Shared%20Documents/Forms/AllItems.aspx?id=%2Fsites%2FDSSGlobalServicesToolsWeeklyDashboard%2FShared%20Documents%2FDemo%20Strategy%2FProject%20Avengers%2FPharmacueticals%2FPharmacueticals%20%2D%20Reminder%20Email%2Exd&parent=%2Fsites%2FDSSGlobalServicesToolsWeeklyDashboard%2FShared%20Documents%2FDemo%20Strategy%2FProject%20Avengers%2FPharmacueticals,https://xd.adobe.com/view/6407a2a8-f664-4fa8-8d78-0510bd315a89-3154/?fullscreen,,,,,,,
15.B,Healthcare - Pharmaceuticals,Targeted Ad,https://adobe.sharepoint.com/sites/DSSGlobalServicesToolsWeeklyDashboard/Shared%20Documents/Forms/AllItems.aspx?id=%2Fsites%2FDSSGlobalServicesToolsWeeklyDashboard%2FShared%20Documents%2FDemo%20Strategy%2FProject%20Avengers%2FPharmacueticals%2FPharmacueticals%20%2D%20Targeted%20Ad%2Exd&parent=%2Fsites%2FDSSGlobalServicesToolsWeeklyDashboard%2FShared%20Documents%2FDemo%20Strategy%2FProject%20Avengers%2FPharmacueticals,https://xd.adobe.com/view/793c2fb4-1ce6-4009-a9d2-4c9fdce1865a-2c6f/?fullscreen,,,,,,,
16.K,Healthcare - Payors,Abandonment,https://adobe.sharepoint.com/sites/DSSGlobalServicesToolsWeeklyDashboard/Shared%20Documents/Forms/AllItems.aspx?id=%2Fsites%2FDSSGlobalServicesToolsWeeklyDashboard%2FShared%20Documents%2FDemo%20Strategy%2FProject%20Avengers%2FPayors%2FPayors%20%2D%20Abandonment%2Exd&parent=%2Fsites%2FDSSGlobalServicesToolsWeeklyDashboard%2FShared%20Documents%2FDemo%20Strategy%2FProject%20Avengers%2FPayors,https://xd.adobe.com/view/799d10b4-f7a4-4e65-b232-3fb84efd64c6-2cce/?fullscreen,,,,,,,
16.M,Healthcare - Payors,Account Registration,https://adobe.sharepoint.com/sites/DSSGlobalServicesToolsWeeklyDashboard/Shared%20Documents/Forms/AllItems.aspx?id=%2Fsites%2FDSSGlobalServicesToolsWeeklyDashboard%2FShared%20Documents%2FDemo%20Strategy%2FProject%20Avengers%2FPayors%2FPayors%20%2D%20Account%20Registration%2Exd&parent=%2Fsites%2FDSSGlobalServicesToolsWeeklyDashboard%2FShared%20Documents%2FDemo%20Strategy%2FProject%20Avengers%2FPayors,https://xd.adobe.com/view/eaecdd89-e8dc-43f5-9542-dd86b786cf62-bfbf/?fullscreen,,,,,,,
16.D,Healthcare - Payors,Call Center,https://adobe.sharepoint.com/sites/DSSGlobalServicesToolsWeeklyDashboard/Shared%20Documents/Forms/AllItems.aspx?id=%2Fsites%2FDSSGlobalServicesToolsWeeklyDashboard%2FShared%20Documents%2FDemo%20Strategy%2FProject%20Avengers%2FPayors%2FPayors%20%2D%20Call%20Center%2Exd&parent=%2Fsites%2FDSSGlobalServicesToolsWeeklyDashboard%2FShared%20Documents%2FDemo%20Strategy%2FProject%20Avengers%2FPayors,https://xd.adobe.com/view/ecc83111-5c90-4648-a45b-0bf1d3e24b95-b99b/?fullscreen,,,,,,,
16.N,Healthcare - Payors,Campaign Optimization and Performance ,https://adobe.sharepoint.com/sites/DSSGlobalServicesToolsWeeklyDashboard/Shared%20Documents/Forms/AllItems.aspx?id=%2Fsites%2FDSSGlobalServicesToolsWeeklyDashboard%2FShared%20Documents%2FDemo%20Strategy%2FProject%20Avengers%2FPayors%2FPayors%20%2D%20Campaign%20Optimization%20and%20Performance%2Exd&parent=%2Fsites%2FDSSGlobalServicesToolsWeeklyDashboard%2FShared%20Documents%2FDemo%20Strategy%2FProject%20Avengers%2FPayors,https://xd.adobe.com/view/e0432f2f-1397-4a88-9ab2-41b3771c4829-b510/?fullscreen,,,,,,,
16.G,Healthcare - Payors,E-Sign Documentation ,https://adobe.sharepoint.com/sites/DSSGlobalServicesToolsWeeklyDashboard/Shared%20Documents/Forms/AllItems.aspx?id=%2Fsites%2FDSSGlobalServicesToolsWeeklyDashboard%2FShared%20Documents%2FDemo%20Strategy%2FProject%20Avengers%2FPayors%2FPayors%20%2D%20E%2DSign%20Documentation%2Exd&parent=%2Fsites%2FDSSGlobalServicesToolsWeeklyDashboard%2FShared%20Documents%2FDemo%20Strategy%2FProject%20Avengers%2FPayors,https://xd.adobe.com/view/abd1917c-da4f-4757-9738-3cd99e53cac6-fe82/?fullscreen,,,,,,,
16.O,Healthcare - Payors,Personalized Content,https://adobe.sharepoint.com/sites/DSSGlobalServicesToolsWeeklyDashboard/Shared%20Documents/Forms/AllItems.aspx?id=%2Fsites%2FDSSGlobalServicesToolsWeeklyDashboard%2FShared%20Documents%2FDemo%20Strategy%2FProject%20Avengers%2FPayors%2FPayors%20%2D%20Personalized%20Content%2Exd&parent=%2Fsites%2FDSSGlobalServicesToolsWeeklyDashboard%2FShared%20Documents%2FDemo%20Strategy%2FProject%20Avengers%2FPayors,https://xd.adobe.com/view/8afdcea7-27f9-457d-8a64-96e8e7cd85b7-dfae/?fullscreen,,,,,,,
16.E,Healthcare - Payors,Personalized Push Notifications,https://adobe.sharepoint.com/sites/DSSGlobalServicesToolsWeeklyDashboard/Shared%20Documents/Forms/AllItems.aspx?id=%2Fsites%2FDSSGlobalServicesToolsWeeklyDashboard%2FShared%20Documents%2FDemo%20Strategy%2FProject%20Avengers%2FPayors%2FPayors%20%2D%20Personalized%20Push%2Exd&parent=%2Fsites%2FDSSGlobalServicesToolsWeeklyDashboard%2FShared%20Documents%2FDemo%20Strategy%2FProject%20Avengers%2FPayors,https://xd.adobe.com/view/2adf4c08-10a2-4949-abca-12d8f910f915-7f8c/?fullscreen,,,,,,,
16.H,Healthcare - Payors,Reminder Email,https://adobe.sharepoint.com/sites/DSSGlobalServicesToolsWeeklyDashboard/Shared%20Documents/Forms/AllItems.aspx?id=%2Fsites%2FDSSGlobalServicesToolsWeeklyDashboard%2FShared%20Documents%2FDemo%20Strategy%2FProject%20Avengers%2FPayors%2FPayors%20%2D%20Reminder%20Email%2Exd&parent=%2Fsites%2FDSSGlobalServicesToolsWeeklyDashboard%2FShared%20Documents%2FDemo%20Strategy%2FProject%20Avengers%2FPayors,https://xd.adobe.com/view/de24ea72-01f0-4a95-9466-331cec81a53e-8b77/?fullscreen,,,,,,,
16.B,Healthcare - Payors,Targeted Ad,https://adobe.sharepoint.com/sites/DSSGlobalServicesToolsWeeklyDashboard/Shared%20Documents/Forms/AllItems.aspx?id=%2Fsites%2FDSSGlobalServicesToolsWeeklyDashboard%2FShared%20Documents%2FDemo%20Strategy%2FProject%20Avengers%2FPayors%2FPayors%20%2D%20Targeted%20Ad%2Exd&parent=%2Fsites%2FDSSGlobalServicesToolsWeeklyDashboard%2FShared%20Documents%2FDemo%20Strategy%2FProject%20Avengers%2FPayors,https://xd.adobe.com/view/9e10f546-6350-45af-bafd-13ce5698e789-cb43/?fullscreen,,,,,,,
17.A,Healthcare - Insurance,Social Site Research,https://adobe.sharepoint.com/sites/DSSGlobalServicesToolsWeeklyDashboard/Shared%20Documents/Forms/AllItems.aspx?id=%2Fsites%2FDSSGlobalServicesToolsWeeklyDashboard%2FShared%20Documents%2FDemo%20Strategy%2FProject%20Avengers%2FInsurance%2FInsurance%20%2D%20Social%20Site%20Research%2Exd&parent=%2Fsites%2FDSSGlobalServicesToolsWeeklyDashboard%2FShared%20Documents%2FDemo%20Strategy%2FProject%20Avengers%2FInsurance,https://xd.adobe.com/view/ce92c920-de32-463d-ae0e-7417aec7b49b-9bc1/?fullscreen,,,,,,,
17.S,Healthcare - Insurance,SEM Ads Click Through ,https://adobe.sharepoint.com/sites/DSSGlobalServicesToolsWeeklyDashboard/Shared%20Documents/Forms/AllItems.aspx?id=%2Fsites%2FDSSGlobalServicesToolsWeeklyDashboard%2FShared%20Documents%2FDemo%20Strategy%2FProject%20Avengers%2FInsurance%2FInsurance%20%2D%20SEM%20Ads%20Clickthrough%2Exd&parent=%2Fsites%2FDSSGlobalServicesToolsWeeklyDashboard%2FShared%20Documents%2FDemo%20Strategy%2FProject%20Avengers%2FInsurance,https://xd.adobe.com/view/e75fe60e-5177-455e-bfa8-1613281bbe95-b20c/?fullscreen,,,,,,,
17.M,Healthcare - Insurance,Account Registration,https://adobe.sharepoint.com/sites/DSSGlobalServicesToolsWeeklyDashboard/Shared%20Documents/Forms/AllItems.aspx?id=%2Fsites%2FDSSGlobalServicesToolsWeeklyDashboard%2FShared%20Documents%2FDemo%20Strategy%2FProject%20Avengers%2FInsurance%2FInsurance%20%2D%20Account%20Registration%2Exd&parent=%2Fsites%2FDSSGlobalServicesToolsWeeklyDashboard%2FShared%20Documents%2FDemo%20Strategy%2FProject%20Avengers%2FInsurance,https://xd.adobe.com/view/f99ddabf-f1c4-447a-b7fd-464f95bbb5ea-acce/?fullscreen,,,,,,,
17.B,Healthcare - Insurance,Targeted Ad,https://adobe.sharepoint.com/sites/DSSGlobalServicesToolsWeeklyDashboard/Shared%20Documents/Forms/AllItems.aspx?id=%2Fsites%2FDSSGlobalServicesToolsWeeklyDashboard%2FShared%20Documents%2FDemo%20Strategy%2FProject%20Avengers%2FInsurance%2FInsurance%20%2D%20Targeted%20Ad%2Exd&parent=%2Fsites%2FDSSGlobalServicesToolsWeeklyDashboard%2FShared%20Documents%2FDemo%20Strategy%2FProject%20Avengers%2FInsurance,https://xd.adobe.com/view/763930fa-b3f7-42ec-b15c-7bc37f4435c6-236a/?fullscreen,,,,,,,
17.P,Healthcare - Insurance,Prospect Segment,https://adobe.sharepoint.com/sites/DSSGlobalServicesToolsWeeklyDashboard/Shared%20Documents/Forms/AllItems.aspx?id=%2Fsites%2FDSSGlobalServicesToolsWeeklyDashboard%2FShared%20Documents%2FDemo%20Strategy%2FProject%20Avengers%2FInsurance%2FInsurance%20%2D%20Prospect%20Segment%2Exd&parent=%2Fsites%2FDSSGlobalServicesToolsWeeklyDashboard%2FShared%20Documents%2FDemo%20Strategy%2FProject%20Avengers%2FInsurance,https://xd.adobe.com/view/42d33213-ff66-40a6-9366-287df6f919e5-1780/?fullscreen,,,,,,,
17.R,Healthcare - Insurance,Orchestrated Communication,https://adobe.sharepoint.com/sites/DSSGlobalServicesToolsWeeklyDashboard/Shared%20Documents/Forms/AllItems.aspx?id=%2Fsites%2FDSSGlobalServicesToolsWeeklyDashboard%2FShared%20Documents%2FDemo%20Strategy%2FProject%20Avengers%2FInsurance%2FInsurance%20%2D%20Orchestrated%20Communication%2Exd&parent=%2Fsites%2FDSSGlobalServicesToolsWeeklyDashboard%2FShared%20Documents%2FDemo%20Strategy%2FProject%20Avengers%2FInsurance,https://xd.adobe.com/view/fa7de64f-0176-4580-b09b-38cf928d12b8-af2e/?fullscreen,,,,,,,
17.N,Healthcare - Insurance,Campaign Optimization and Performance ,https://adobe.sharepoint.com/sites/DSSGlobalServicesToolsWeeklyDashboard/Shared%20Documents/Forms/AllItems.aspx?id=%2Fsites%2FDSSGlobalServicesToolsWeeklyDashboard%2FShared%20Documents%2FDemo%20Strategy%2FProject%20Avengers%2FInsurance%2FInsurance%20%2D%20Capmaign%20Optimization%20and%20Performance%2Exd&parent=%2Fsites%2FDSSGlobalServicesToolsWeeklyDashboard%2FShared%20Documents%2FDemo%20Strategy%2FProject%20Avengers%2FInsurance,https://xd.adobe.com/view/ef65e588-2117-4217-8187-30a5fd86cb04-ba36/?fullscreen,,,,,,,
17.L,Healthcare - Insurance,Personalized Chat Bot,https://adobe.sharepoint.com/sites/DSSGlobalServicesToolsWeeklyDashboard/Shared%20Documents/Forms/AllItems.aspx?id=%2Fsites%2FDSSGlobalServicesToolsWeeklyDashboard%2FShared%20Documents%2FDemo%20Strategy%2FProject%20Avengers%2FInsurance%2FInsurance%20%2D%20Personalized%20Chat%20Bot%2Exd&parent=%2Fsites%2FDSSGlobalServicesToolsWeeklyDashboard%2FShared%20Documents%2FDemo%20Strategy%2FProject%20Avengers%2FInsurance,https://xd.adobe.com/view/bf12f164-f020-4b2c-b8ee-d213079ec9d3-ea41/?fullscreen,,,,,,,
17.G,Healthcare - Insurance,E-Sign Documentation ,https://adobe.sharepoint.com/sites/DSSGlobalServicesToolsWeeklyDashboard/Shared%20Documents/Forms/AllItems.aspx?id=%2Fsites%2FDSSGlobalServicesToolsWeeklyDashboard%2FShared%20Documents%2FDemo%20Strategy%2FProject%20Avengers%2FInsurance%2FInsurance%20E%2DSign%20Documentation%2Exd&parent=%2Fsites%2FDSSGlobalServicesToolsWeeklyDashboard%2FShared%20Documents%2FDemo%20Strategy%2FProject%20Avengers%2FInsurance,https://xd.adobe.com/view/62d2e983-f82f-44dd-abca-2c86ebe3eb2f-3781/?fullscreen,,,,,,,
17.I,Healthcare - Insurance,Quote & Finance ,https://adobe.sharepoint.com/sites/DSSGlobalServicesToolsWeeklyDashboard/Shared%20Documents/Forms/AllItems.aspx?id=%2Fsites%2FDSSGlobalServicesToolsWeeklyDashboard%2FShared%20Documents%2FDemo%20Strategy%2FProject%20Avengers%2FInsurance%2FInsurance%20%2D%20Quote%2Exd&parent=%2Fsites%2FDSSGlobalServicesToolsWeeklyDashboard%2FShared%20Documents%2FDemo%20Strategy%2FProject%20Avengers%2FInsurance,https://xd.adobe.com/view/c19ceeed-1d10-44d1-8fbe-4a4168db5dd2-94cf/?fullscreen,,,,,,,
17.J,Healthcare - Insurance,Cross-selling and/or Upsell,https://adobe.sharepoint.com/sites/DSSGlobalServicesToolsWeeklyDashboard/Shared%20Documents/Forms/AllItems.aspx?id=%2Fsites%2FDSSGlobalServicesToolsWeeklyDashboard%2FShared%20Documents%2FDemo%20Strategy%2FProject%20Avengers%2FInsurance%2FInsurance%20%2D%20Cross%2Dsell%20Upsell%2Exd&parent=%2Fsites%2FDSSGlobalServicesToolsWeeklyDashboard%2FShared%20Documents%2FDemo%20Strategy%2FProject%20Avengers%2FInsurance,https://xd.adobe.com/view/01308ea7-1e92-41e3-8804-1155c862edf1-5463/?fullscreen,,,,,,,
17.H,Healthcare - Insurance,Reminder Email,https://adobe.sharepoint.com/sites/DSSGlobalServicesToolsWeeklyDashboard/Shared%20Documents/Forms/AllItems.aspx?id=%2Fsites%2FDSSGlobalServicesToolsWeeklyDashboard%2FShared%20Documents%2FDemo%20Strategy%2FProject%20Avengers%2FInsurance%2FInsurance%20%2D%20Reminder%20Email%2Exd&parent=%2Fsites%2FDSSGlobalServicesToolsWeeklyDashboard%2FShared%20Documents%2FDemo%20Strategy%2FProject%20Avengers%2FInsurance,https://xd.adobe.com/view/2f504510-07d1-409c-83a3-4b7c018edede-7a03/?fullscreen,,,,,,,
17.D,Healthcare - Insurance,Call Center,https://adobe.sharepoint.com/sites/DSSGlobalServicesToolsWeeklyDashboard/Shared%20Documents/Forms/AllItems.aspx?id=%2Fsites%2FDSSGlobalServicesToolsWeeklyDashboard%2FShared%20Documents%2FDemo%20Strategy%2FProject%20Avengers%2FInsurance%2FInsurance%20%2D%20Call%20Center%2Exd&parent=%2Fsites%2FDSSGlobalServicesToolsWeeklyDashboard%2FShared%20Documents%2FDemo%20Strategy%2FProject%20Avengers%2FInsurance,https://xd.adobe.com/view/419bd128-6937-47c5-973d-2c90e86d28c7-14c8/?fullscreen,,,,,,,
18.A,T&H - Dining,Social Site Research,https://adobe.sharepoint.com/sites/DSSGlobalServicesToolsWeeklyDashboard/Shared%20Documents/Forms/AllItems.aspx?id=%2Fsites%2FDSSGlobalServicesToolsWeeklyDashboard%2FShared%20Documents%2FDemo%20Strategy%2FProject%20Avengers%2FTH%20Dining%2FTH%20Dining%20%2D%20Social%20Site%20Research%2Exd&parent=%2Fsites%2FDSSGlobalServicesToolsWeeklyDashboard%2FShared%20Documents%2FDemo%20Strategy%2FProject%20Avengers%2FTH%20Dining,https://xd.adobe.com/view/6f0c752b-72e0-462b-b2ef-2c30cf8f5e7f-3a5f/?fullscreen,,,,,,,
18.M,T&H - Dining,Account Registration,https://adobe.sharepoint.com/sites/DSSGlobalServicesToolsWeeklyDashboard/Shared%20Documents/Forms/AllItems.aspx?id=%2Fsites%2FDSSGlobalServicesToolsWeeklyDashboard%2FShared%20Documents%2FDemo%20Strategy%2FProject%20Avengers%2FTH%20Dining%2FTH%20Dining%20%2D%20Account%20Registration%2Exd&parent=%2Fsites%2FDSSGlobalServicesToolsWeeklyDashboard%2FShared%20Documents%2FDemo%20Strategy%2FProject%20Avengers%2FTH%20Dining,https://xd.adobe.com/view/f38f37c9-60c7-4c93-9de5-e9bc367f20b5-a6dc/?fullscreen,,,,,,,
18.K,T&H - Dining,Abandonment,https://adobe.sharepoint.com/sites/DSSGlobalServicesToolsWeeklyDashboard/Shared%20Documents/Forms/AllItems.aspx?id=%2Fsites%2FDSSGlobalServicesToolsWeeklyDashboard%2FShared%20Documents%2FDemo%20Strategy%2FProject%20Avengers%2FTH%20Dining%2FTH%20Dining%20%2D%20Abandonment%2Exd&parent=%2Fsites%2FDSSGlobalServicesToolsWeeklyDashboard%2FShared%20Documents%2FDemo%20Strategy%2FProject%20Avengers%2FTH%20Dining,https://xd.adobe.com/view/8ec1f749-9202-41a2-9640-e9374e5a6073-db92/?fullscreen,,,,,,,
18.E,T&H - Dining,Personalized Push Notifications,https://adobe.sharepoint.com/sites/DSSGlobalServicesToolsWeeklyDashboard/Shared%20Documents/Forms/AllItems.aspx?id=%2Fsites%2FDSSGlobalServicesToolsWeeklyDashboard%2FShared%20Documents%2FDemo%20Strategy%2FProject%20Avengers%2FTH%20Dining%2FTH%20Dining%20%2D%20Personalized%20Push%2Exd&parent=%2Fsites%2FDSSGlobalServicesToolsWeeklyDashboard%2FShared%20Documents%2FDemo%20Strategy%2FProject%20Avengers%2FTH%20Dining,https://xd.adobe.com/view/4b5064fc-5699-45e2-acaf-362c30b94ef3-1e03/?fullscreen,,,,,,,
18.C,T&H - Dining,Loyalty and Retention ,https://adobe.sharepoint.com/sites/DSSGlobalServicesToolsWeeklyDashboard/Shared%20Documents/Forms/AllItems.aspx?id=%2Fsites%2FDSSGlobalServicesToolsWeeklyDashboard%2FShared%20Documents%2FDemo%20Strategy%2FProject%20Avengers%2FTH%20Dining%2FTH%20Dining%20%2D%20Loyalty%20and%20Retention%2Exd&parent=%2Fsites%2FDSSGlobalServicesToolsWeeklyDashboard%2FShared%20Documents%2FDemo%20Strategy%2FProject%20Avengers%2FTH%20Dining,https://xd.adobe.com/view/5d500dbc-fb55-421b-b763-cb60c46f2083-0803/?fullscreen,,,,,,,
18.B,T&H - Dining,Targeted Ad,https://adobe.sharepoint.com/sites/DSSGlobalServicesToolsWeeklyDashboard/Shared%20Documents/Forms/AllItems.aspx?id=%2Fsites%2FDSSGlobalServicesToolsWeeklyDashboard%2FShared%20Documents%2FDemo%20Strategy%2FProject%20Avengers%2FTH%20Dining%2FTH%20Dining%20%2D%20Targeted%20Ad%2Exd&parent=%2Fsites%2FDSSGlobalServicesToolsWeeklyDashboard%2FShared%20Documents%2FDemo%20Strategy%2FProject%20Avengers%2FTH%20Dining,https://xd.adobe.com/view/51c8f2f2-e9e1-4c3d-a07e-b96482e0c10b-049b/?fullscreen,,,,,,,
18.S,T&H - Dining,SEM Ads Click Through ,https://adobe.sharepoint.com/sites/DSSGlobalServicesToolsWeeklyDashboard/Shared%20Documents/Forms/AllItems.aspx?id=%2Fsites%2FDSSGlobalServicesToolsWeeklyDashboard%2FShared%20Documents%2FDemo%20Strategy%2FProject%20Avengers%2FTH%20Dining%2FTH%20Dining%20%2D%20SEM%20Ads%20Click%20Through%2Exd&parent=%2Fsites%2FDSSGlobalServicesToolsWeeklyDashboard%2FShared%20Documents%2FDemo%20Strategy%2FProject%20Avengers%2FTH%20Dining,https://xd.adobe.com/view/47cd1626-4b41-460d-826c-fec0ddecfb6f-129e/?fullscreen,,,,,,,
18.O,T&H - Dining,Personalized Content,https://adobe.sharepoint.com/sites/DSSGlobalServicesToolsWeeklyDashboard/Shared%20Documents/Forms/AllItems.aspx?id=%2Fsites%2FDSSGlobalServicesToolsWeeklyDashboard%2FShared%20Documents%2FDemo%20Strategy%2FProject%20Avengers%2FTH%20Dining%2FTH%20Dining%20%2D%20Personalized%20Content%2Exd&parent=%2Fsites%2FDSSGlobalServicesToolsWeeklyDashboard%2FShared%20Documents%2FDemo%20Strategy%2FProject%20Avengers%2FTH%20Dining,https://xd.adobe.com/view/e3c4e79d-0c4d-47a9-a1a4-4acd1c90d51d-b697/?fullscreen,,,,,,,
19.Q,FSI - Wealth Management,Appointment Scheduling,https://adobe.sharepoint.com/sites/DSSGlobalServicesToolsWeeklyDashboard/Shared%20Documents/Forms/AllItems.aspx?id=%2Fsites%2FDSSGlobalServicesToolsWeeklyDashboard%2FShared%20Documents%2FDemo%20Strategy%2FProject%20Avengers%2FFSI%20Wealth%20Management%2FWealth%20Management%20%2D%20Appointment%20Scheduling%2Exd&parent=%2Fsites%2FDSSGlobalServicesToolsWeeklyDashboard%2FShared%20Documents%2FDemo%20Strategy%2FProject%20Avengers%2FFSI%20Wealth%20Management,https://xd.adobe.com/view/7b830fc2-c272-49d5-9c03-32550a6ef3fa-2ed0/?fullscreen,,,,,,,
19.G,FSI - Wealth Management,E-Sign Documentation ,https://adobe.sharepoint.com/sites/DSSGlobalServicesToolsWeeklyDashboard/Shared%20Documents/Forms/AllItems.aspx?id=%2Fsites%2FDSSGlobalServicesToolsWeeklyDashboard%2FShared%20Documents%2FDemo%20Strategy%2FProject%20Avengers%2FFSI%20Wealth%20Management%2FWealth%20Management%20%2D%20E%2DSign%20Documentation%2Exd&parent=%2Fsites%2FDSSGlobalServicesToolsWeeklyDashboard%2FShared%20Documents%2FDemo%20Strategy%2FProject%20Avengers%2FFSI%20Wealth%20Management,https://xd.adobe.com/view/5e6c66dd-0e8c-4649-aa0c-3799d35aa14d-0b3f/?fullscreen,,,,,,,
19.C,FSI - Wealth Management,Loyalty and Retention ,https://adobe.sharepoint.com/sites/DSSGlobalServicesToolsWeeklyDashboard/Shared%20Documents/Forms/AllItems.aspx?id=%2Fsites%2FDSSGlobalServicesToolsWeeklyDashboard%2FShared%20Documents%2FDemo%20Strategy%2FProject%20Avengers%2FFSI%20Wealth%20Management%2FWealth%20Management%20%2D%20Loyalty%20and%20Retention%2Exd&parent=%2Fsites%2FDSSGlobalServicesToolsWeeklyDashboard%2FShared%20Documents%2FDemo%20Strategy%2FProject%20Avengers%2FFSI%20Wealth%20Management,https://xd.adobe.com/view/f058ef42-a6b1-47fe-80a5-b0ceaad0d54d-a50b/?fullscreen,,,,,,,
19.L,FSI - Wealth Management,Personalized Chat Bot,https://adobe.sharepoint.com/sites/DSSGlobalServicesToolsWeeklyDashboard/Shared%20Documents/Forms/AllItems.aspx?id=%2Fsites%2FDSSGlobalServicesToolsWeeklyDashboard%2FShared%20Documents%2FDemo%20Strategy%2FProject%20Avengers%2FFSI%20Wealth%20Management%2FWealth%20Management%20%2D%20Personalized%20Chat%20Bot%2Exd&parent=%2Fsites%2FDSSGlobalServicesToolsWeeklyDashboard%2FShared%20Documents%2FDemo%20Strategy%2FProject%20Avengers%2FFSI%20Wealth%20Management,https://xd.adobe.com/view/4181f797-4723-4c5b-89cd-bd5874faa1dd-14d2/?fullscreen,,,,,,,
19.O,FSI - Wealth Management,Personalized Content,https://adobe.sharepoint.com/sites/DSSGlobalServicesToolsWeeklyDashboard/Shared%20Documents/Forms/AllItems.aspx?id=%2Fsites%2FDSSGlobalServicesToolsWeeklyDashboard%2FShared%20Documents%2FDemo%20Strategy%2FProject%20Avengers%2FFSI%20Wealth%20Management%2FWealth%20Management%20%2D%20Personalized%20Content%2Exd&parent=%2Fsites%2FDSSGlobalServicesToolsWeeklyDashboard%2FShared%20Documents%2FDemo%20Strategy%2FProject%20Avengers%2FFSI%20Wealth%20Management,https://xd.adobe.com/view/169e1cc2-55a3-4131-ba5f-e5290ce45956-43cd/?fullscreen,,,,,,,
19.I,FSI - Wealth Management,Quote & Finance ,https://adobe.sharepoint.com/sites/DSSGlobalServicesToolsWeeklyDashboard/Shared%20Documents/Forms/AllItems.aspx?id=%2Fsites%2FDSSGlobalServicesToolsWeeklyDashboard%2FShared%20Documents%2FDemo%20Strategy%2FProject%20Avengers%2FFSI%20Wealth%20Management%2FWealth%20Management%20%2D%20Quote%20%26%20Finance%2Exd&parent=%2Fsites%2FDSSGlobalServicesToolsWeeklyDashboard%2FShared%20Documents%2FDemo%20Strategy%2FProject%20Avengers%2FFSI%20Wealth%20Management,https://xd.adobe.com/view/80a36c07-9e1c-469d-9bd3-3887d1396bdf-d5f0/?fullscreen,,,,,,,
19.H,FSI - Wealth Management,Reminder Email,https://adobe.sharepoint.com/sites/DSSGlobalServicesToolsWeeklyDashboard/Shared%20Documents/Forms/AllItems.aspx?id=%2Fsites%2FDSSGlobalServicesToolsWeeklyDashboard%2FShared%20Documents%2FDemo%20Strategy%2FProject%20Avengers%2FFSI%20Wealth%20Management%2FWealth%20Management%20%2D%20Reminder%20Email%2Exd&parent=%2Fsites%2FDSSGlobalServicesToolsWeeklyDashboard%2FShared%20Documents%2FDemo%20Strategy%2FProject%20Avengers%2FFSI%20Wealth%20Management,https://xd.adobe.com/view/f56c16d5-c6a2-4941-980b-4d1bbe37c3dd-a03f/?fullscreen,,,,,,,
19.A,FSI - Wealth Management,Social Site Research,https://adobe.sharepoint.com/sites/DSSGlobalServicesToolsWeeklyDashboard/Shared%20Documents/Forms/AllItems.aspx?id=%2Fsites%2FDSSGlobalServicesToolsWeeklyDashboard%2FShared%20Documents%2FDemo%20Strategy%2FProject%20Avengers%2FFSI%20Wealth%20Management%2FWealth%20Management%20%2D%20Social%20Site%20Research%2Exd&parent=%2Fsites%2FDSSGlobalServicesToolsWeeklyDashboard%2FShared%20Documents%2FDemo%20Strategy%2FProject%20Avengers%2FFSI%20Wealth%20Management,https://xd.adobe.com/view/1ce6aa13-27f4-4131-bdae-2a0dbab82463-49b5/?fullscreen,,,,,,,
20.A,B2B - Hardware,Social Site Research,https://adobe.sharepoint.com/sites/DSSGlobalServicesToolsWeeklyDashboard/Shared%20Documents/Forms/AllItems.aspx?login%5Fhint=jsisti%40adobe%2Ecom&FolderCTID=0x012000C5C401B34E0F6B4A9A3EAB7B6DE53C5F&id=%2Fsites%2FDSSGlobalServicesToolsWeeklyDashboard%2FShared%20Documents%2FDemo%20Strategy%2FProject%20Avengers%2FB2B%20Hardware%2FB2B%20%2D%20Hardware%20%2D%20Social%20Site%20Research%2Exd&viewid=eff3a7fc%2Dd015%2D450c%2Da5f1%2D772287d770be&parent=%2Fsites%2FDSSGlobalServicesToolsWeeklyDashboard%2FShared%20Documents%2FDemo%20Strategy%2FProject%20Avengers%2FB2B%20Hardware,https://xd.adobe.com/view/6521431c-fb1f-4359-b894-c2e4187ed137-3072/?fullscreen,,,,,,,
20.B,B2B - Hardware,Targeted Ad,https://adobe.sharepoint.com/sites/DSSGlobalServicesToolsWeeklyDashboard/Shared%20Documents/Forms/AllItems.aspx?login%5Fhint=jsisti%40adobe%2Ecom&FolderCTID=0x012000C5C401B34E0F6B4A9A3EAB7B6DE53C5F&id=%2Fsites%2FDSSGlobalServicesToolsWeeklyDashboard%2FShared%20Documents%2FDemo%20Strategy%2FProject%20Avengers%2FB2B%20Hardware%2FB2B%20%2D%20Hardware%20%2D%20Targeted%20Ad%2Exd&viewid=eff3a7fc%2Dd015%2D450c%2Da5f1%2D772287d770be&parent=%2Fsites%2FDSSGlobalServicesToolsWeeklyDashboard%2FShared%20Documents%2FDemo%20Strategy%2FProject%20Avengers%2FB2B%20Hardware,https://xd.adobe.com/view/ee7dd159-12d2-4016-bf47-b5aeec47560d-bb2e/?fullscreen,,,,,,,
20.L,B2B - Hardware,Personalized Chat Bot,https://adobe.sharepoint.com/sites/DSSGlobalServicesToolsWeeklyDashboard/Shared%20Documents/Forms/AllItems.aspx?login%5Fhint=jsisti%40adobe%2Ecom&FolderCTID=0x012000C5C401B34E0F6B4A9A3EAB7B6DE53C5F&id=%2Fsites%2FDSSGlobalServicesToolsWeeklyDashboard%2FShared%20Documents%2FDemo%20Strategy%2FProject%20Avengers%2FB2B%20Hardware%2FB2B%20%2D%20Hardware%20Personalized%20Chatbot%2Exd&viewid=eff3a7fc%2Dd015%2D450c%2Da5f1%2D772287d770be&parent=%2Fsites%2FDSSGlobalServicesToolsWeeklyDashboard%2FShared%20Documents%2FDemo%20Strategy%2FProject%20Avengers%2FB2B%20Hardware,https://xd.adobe.com/view/a5153faa-c79b-4955-85f8-e77842c30a82-f046/,,,,,,,
20.D,B2B - Hardware,Call Center,https://adobe.sharepoint.com/sites/DSSGlobalServicesToolsWeeklyDashboard/Shared%20Documents/Forms/AllItems.aspx?login%5Fhint=jsisti%40adobe%2Ecom&FolderCTID=0x012000C5C401B34E0F6B4A9A3EAB7B6DE53C5F&id=%2Fsites%2FDSSGlobalServicesToolsWeeklyDashboard%2FShared%20Documents%2FDemo%20Strategy%2FProject%20Avengers%2FB2B%20Hardware%2FB2B%20%2D%20Hardware%20Call%20Center%2Exd&viewid=eff3a7fc%2Dd015%2D450c%2Da5f1%2D772287d770be&parent=%2Fsites%2FDSSGlobalServicesToolsWeeklyDashboard%2FShared%20Documents%2FDemo%20Strategy%2FProject%20Avengers%2FB2B%20Hardware,https://xd.adobe.com/view/ce2ad079-c5c0-4f13-8a7b-fc6d514149b7-9b79/?fullscreen,,,,,,,
20.I,B2B - Hardware,Quote & Finance ,https://adobe.sharepoint.com/sites/DSSGlobalServicesToolsWeeklyDashboard/Shared%20Documents/Forms/AllItems.aspx?login%5Fhint=jsisti%40adobe%2Ecom&FolderCTID=0x012000C5C401B34E0F6B4A9A3EAB7B6DE53C5F&id=%2Fsites%2FDSSGlobalServicesToolsWeeklyDashboard%2FShared%20Documents%2FDemo%20Strategy%2FProject%20Avengers%2FB2B%20Hardware%2FB2B%20%2D%20Hardware%20Quote%20%26%20Finance%2Exd&viewid=eff3a7fc%2Dd015%2D450c%2Da5f1%2D772287d770be&parent=%2Fsites%2FDSSGlobalServicesToolsWeeklyDashboard%2FShared%20Documents%2FDemo%20Strategy%2FProject%20Avengers%2FB2B%20Hardware,https://xd.adobe.com/view/553f6f18-6396-43eb-bc15-70fa87a4ed47-006c/?fullscreen,,,,,,,
20.G,B2B - Hardware,E-Sign Documentation ,https://adobe.sharepoint.com/sites/DSSGlobalServicesToolsWeeklyDashboard/Shared%20Documents/Forms/AllItems.aspx?login%5Fhint=jsisti%40adobe%2Ecom&FolderCTID=0x012000C5C401B34E0F6B4A9A3EAB7B6DE53C5F&id=%2Fsites%2FDSSGlobalServicesToolsWeeklyDashboard%2FShared%20Documents%2FDemo%20Strategy%2FProject%20Avengers%2FB2B%20Hardware%2FB2B%20%2D%20Hardware%20%2D%20E%2Dsign%20Documentation%2Exd&viewid=eff3a7fc%2Dd015%2D450c%2Da5f1%2D772287d770be&parent=%2Fsites%2FDSSGlobalServicesToolsWeeklyDashboard%2FShared%20Documents%2FDemo%20Strategy%2FProject%20Avengers%2FB2B%20Hardware,https://xd.adobe.com/view/55d11be2-a780-420f-902c-7b5ba572f291-0082/?fullscreen,,,,,,,
20.N,B2B - Hardware,Campaign Optimization and Performance ,https://adobe.sharepoint.com/sites/DSSGlobalServicesToolsWeeklyDashboard/Shared%20Documents/Forms/AllItems.aspx?login%5Fhint=jsisti%40adobe%2Ecom&FolderCTID=0x012000C5C401B34E0F6B4A9A3EAB7B6DE53C5F&id=%2Fsites%2FDSSGlobalServicesToolsWeeklyDashboard%2FShared%20Documents%2FDemo%20Strategy%2FProject%20Avengers%2FB2B%20Hardware%2FB2B%20%2D%20Hardware%20Campaign%20Optimization%20%26%20Performance%2Exd&viewid=eff3a7fc%2Dd015%2D450c%2Da5f1%2D772287d770be&parent=%2Fsites%2FDSSGlobalServicesToolsWeeklyDashboard%2FShared%20Documents%2FDemo%20Strategy%2FProject%20Avengers%2FB2B%20Hardware,https://xd.adobe.com/view/6ed52c34-18ef-4db1-9f12-f4261e1e3c37-3b86/?fullscreen,,,,,,,
20.J,B2B - Hardware,Cross-selling and/or Upsell,https://adobe.sharepoint.com/sites/DSSGlobalServicesToolsWeeklyDashboard/Shared%20Documents/Forms/AllItems.aspx?login%5Fhint=jsisti%40adobe%2Ecom&FolderCTID=0x012000C5C401B34E0F6B4A9A3EAB7B6DE53C5F&id=%2Fsites%2FDSSGlobalServicesToolsWeeklyDashboard%2FShared%20Documents%2FDemo%20Strategy%2FProject%20Avengers%2FB2B%20Hardware%2FB2B%20%2D%20Hardware%20%2D%20Upsell%2Exd&viewid=eff3a7fc%2Dd015%2D450c%2Da5f1%2D772287d770be&parent=%2Fsites%2FDSSGlobalServicesToolsWeeklyDashboard%2FShared%20Documents%2FDemo%20Strategy%2FProject%20Avengers%2FB2B%20Hardware,https://xd.adobe.com/view/1358947b-d91b-49ba-ae41-a4551700e579-460b/?fullscreen,,,,,,,
20.O,B2B - Hardware,Personalized Content,https://adobe.sharepoint.com/sites/DSSGlobalServicesToolsWeeklyDashboard/Shared%20Documents/Forms/AllItems.aspx?login%5Fhint=jsisti%40adobe%2Ecom&FolderCTID=0x012000C5C401B34E0F6B4A9A3EAB7B6DE53C5F&id=%2Fsites%2FDSSGlobalServicesToolsWeeklyDashboard%2FShared%20Documents%2FDemo%20Strategy%2FProject%20Avengers%2FB2B%20Hardware%2FB2B%20%2D%20Hardware%20Personalized%20Content%2Exd&viewid=eff3a7fc%2Dd015%2D450c%2Da5f1%2D772287d770be&parent=%2Fsites%2FDSSGlobalServicesToolsWeeklyDashboard%2FShared%20Documents%2FDemo%20Strategy%2FProject%20Avengers%2FB2B%20Hardware,https://xd.adobe.com/view/34c30aa2-b854-489b-b81c-303a8c173925-6190/?fullscreen,,,,,,,
20.H,B2B - Hardware,Reminder Email,https://adobe.sharepoint.com/sites/DSSGlobalServicesToolsWeeklyDashboard/Shared%20Documents/Forms/AllItems.aspx?login%5Fhint=jsisti%40adobe%2Ecom&FolderCTID=0x012000C5C401B34E0F6B4A9A3EAB7B6DE53C5F&id=%2Fsites%2FDSSGlobalServicesToolsWeeklyDashboard%2FShared%20Documents%2FDemo%20Strategy%2FProject%20Avengers%2FB2B%20Hardware%2FB2B%20%2D%20Hardware%20Reminder%20Email%2Exd&viewid=eff3a7fc%2Dd015%2D450c%2Da5f1%2D772287d770be&parent=%2Fsites%2FDSSGlobalServicesToolsWeeklyDashboard%2FShared%20Documents%2FDemo%20Strategy%2FProject%20Avengers%2FB2B%20Hardware,https://xd.adobe.com/view/1ff97093-1b9e-41e2-b7ad-fac365e52906-4aaa/?fullscreen,,,,,,,